index,Country,Week,Deaths_old,Deaths_2020
0,Croatia,1,1207.8,1012.0
1,Croatia,2,1258.4,1048.0
2,Croatia,3,1253.2,1028.0
3,Croatia,4,1234.0,1107.0
4,Croatia,5,1195.0,1092.0
5,Croatia,6,1160.2,1102.0
6,Croatia,7,1139.2,1064.0
7,Croatia,8,1116.0,1057.0
8,Croatia,9,1117.2,1011.0
9,Croatia,10,1128.2,1040.0
10,Croatia,11,1092.0,1091.0
11,Croatia,12,1064.0,1082.0
12,Croatia,13,1037.6,1123.0
13,Croatia,14,1046.4,1013.0
14,Croatia,15,995.8,1009.0
15,Croatia,16,962.8,977.0
16,Croatia,17,1013.4,880.0
17,Croatia,18,969.6,922.0
18,Croatia,19,948.2,851.0
19,Croatia,20,941.2,924.0
20,Croatia,21,945.2,890.0
21,Croatia,22,929.0,881.0
22,Croatia,23,949.6,921.0
23,Croatia,24,940.8,987.0
24,Croatia,25,921.6,892.0
25,Croatia,26,912.6,900.0
26,Croatia,27,951.6,992.0
27,Croatia,28,949.4,912.0
28,Croatia,29,955.2,882.0
29,Croatia,30,987.2,951.0
30,Croatia,31,961.4,0.0
31,Croatia,32,957.6,0.0
32,Croatia,33,937.2,0.0
33,Croatia,34,904.2,0.0
34,Croatia,35,915.0,0.0
35,Croatia,36,886.4,0.0
36,Croatia,37,899.2,0.0
37,Croatia,38,930.4,0.0
38,Croatia,39,945.0,0.0
39,Croatia,40,961.2,0.0
40,Croatia,41,973.8,0.0
41,Croatia,42,945.8,0.0
42,Croatia,43,957.0,0.0
43,Croatia,44,962.8,0.0
44,Croatia,45,975.6,0.0
45,Croatia,46,981.0,0.0
46,Croatia,47,956.2,0.0
47,Croatia,48,974.8,0.0
48,Croatia,49,1011.6,0.0
49,Croatia,50,1045.8,0.0
50,Croatia,51,1048.2,0.0
51,Croatia,52,1105.4,0.0
52,Sweden,1,1975.4,1820.0
53,Sweden,2,1952.6,1890.0
54,Sweden,3,1947.4,1828.0
55,Sweden,4,1923.6,1730.0
56,Sweden,5,1886.6,1847.0
57,Sweden,6,1890.2,1727.0
58,Sweden,7,1927.4,1825.0
59,Sweden,8,1991.4,1776.0
60,Sweden,9,1977.0,1778.0
61,Sweden,10,1915.0,1826.0
62,Sweden,11,1899.8,1730.0
63,Sweden,12,1798.0,1864.0
64,Sweden,13,1820.6,2039.0
65,Sweden,14,1803.8,2382.0
66,Sweden,15,1747.0,2569.0
67,Sweden,16,1761.2,2525.0
68,Sweden,17,1695.4,2267.0
69,Sweden,18,1649.0,2238.0
70,Sweden,19,1637.2,2182.0
71,Sweden,20,1572.0,1986.0
72,Sweden,21,1562.4,1918.0
73,Sweden,22,1562.0,1656.0
74,Sweden,23,1537.0,1749.0
75,Sweden,24,1525.0,1721.0
76,Sweden,25,1536.4,1668.0
77,Sweden,26,1559.6,1669.0
78,Sweden,27,1579.4,1562.0
79,Sweden,28,1566.6,1570.0
80,Sweden,29,1572.6,1511.0
81,Sweden,30,1561.6,1533.0
82,Sweden,31,1582.4,1544.0
83,Sweden,32,1529.6,1568.0
84,Sweden,33,1527.6,1511.0
85,Sweden,34,1538.8,1574.0
86,Sweden,35,1587.6,1481.0
87,Sweden,36,1571.6,1506.0
88,Sweden,37,1550.6,1520.0
89,Sweden,38,1568.8,1467.0
90,Sweden,39,1593.4,1388.0
91,Sweden,40,1640.2,0.0
92,Sweden,41,1650.8,0.0
93,Sweden,42,1627.2,0.0
94,Sweden,43,1670.4,0.0
95,Sweden,44,1695.4,0.0
96,Sweden,45,1663.0,0.0
97,Sweden,46,1689.8,0.0
98,Sweden,47,1665.2,0.0
99,Sweden,48,1737.8,0.0
100,Sweden,49,1786.0,0.0
101,Sweden,50,1752.6,0.0
102,Sweden,51,1800.6,0.0
103,Sweden,52,1830.8,0.0
104,USA,1,59859.6,59964.0
105,USA,2,60813.4,60469.0
106,USA,3,59685.8,59047.0
107,USA,4,58575.2,58666.0
108,USA,5,57935.8,58450.0
109,USA,6,58202.6,59170.0
110,USA,7,57671.2,58602.0
111,USA,8,57026.8,58616.0
112,USA,9,56677.4,59053.0
113,USA,10,56977.0,59420.0
114,USA,11,56115.2,58414.0
115,USA,12,55759.2,58984.0
116,USA,13,54877.4,62738.0
117,USA,14,54817.8,71972.0
118,USA,15,54346.4,78760.0
119,USA,16,53507.0,76454.0
120,USA,17,52655.4,73520.0
121,USA,18,52616.6,68929.0
122,USA,19,52036.6,66536.0
123,USA,20,51553.8,64202.0
124,USA,21,51073.8,61275.0
125,USA,22,50882.8,59329.0
126,USA,23,51096.6,58499.0
127,USA,24,50889.6,57615.0
128,USA,25,50643.8,57525.0
129,USA,26,50488.0,57991.0
130,USA,27,50772.8,59190.0
131,USA,28,50322.4,61094.0
132,USA,29,50165.4,62083.0
133,USA,30,49894.2,62801.0
134,USA,31,49966.2,62103.0
135,USA,32,50062.0,61740.0
136,USA,33,49838.2,60784.0
137,USA,34,49773.0,58130.0
138,USA,35,50118.0,55461.0
139,USA,36,50363.4,52407.0
140,USA,37,50597.0,48743.0
141,USA,38,50640.2,0.0
142,USA,39,50888.0,0.0
143,USA,40,51441.8,0.0
144,USA,41,51914.8,0.0
145,USA,42,52156.8,0.0
146,USA,43,52571.4,0.0
147,USA,44,52698.2,0.0
148,USA,45,53231.2,0.0
149,USA,46,53686.8,0.0
150,USA,47,53931.8,0.0
151,USA,48,54191.0,0.0
152,USA,49,55193.2,0.0
153,USA,50,56184.0,0.0
154,USA,51,56392.6,0.0
155,USA,52,57184.0,0.0
156,Hungary,1,2885.4,2609.0
157,Hungary,2,2918.4,2584.0
158,Hungary,3,2924.6,2582.0
159,Hungary,4,3016.6,2720.0
160,Hungary,5,3056.2,2799.0
161,Hungary,6,3068.4,2634.0
162,Hungary,7,2983.4,2749.0
163,Hungary,8,2955.8,2586.0
164,Hungary,9,2893.8,2781.0
165,Hungary,10,2812.0,2605.0
166,Hungary,11,2709.2,2577.0
167,Hungary,12,2635.2,2800.0
168,Hungary,13,2591.6,2590.0
169,Hungary,14,2510.6,2525.0
170,Hungary,15,2478.2,2573.0
171,Hungary,16,2430.2,2508.0
172,Hungary,17,2436.8,2356.0
173,Hungary,18,2367.0,2249.0
174,Hungary,19,2314.6,2293.0
175,Hungary,20,2271.8,2343.0
176,Hungary,21,2275.8,2109.0
177,Hungary,22,2286.6,2191.0
178,Hungary,23,2262.2,2397.0
179,Hungary,24,2292.0,2284.0
180,Hungary,25,2250.0,2069.0
181,Hungary,26,2193.4,2261.0
182,Hungary,27,2219.0,2311.0
183,Hungary,28,2281.0,2159.0
184,Hungary,29,2279.2,2104.0
185,Hungary,30,2380.4,2136.0
186,Hungary,31,2309.4,2325.0
187,Hungary,32,2284.8,2264.0
188,Hungary,33,2306.6,2213.0
189,Hungary,34,2191.2,2156.0
190,Hungary,35,2293.6,2146.0
191,Hungary,36,2223.6,2169.0
192,Hungary,37,2271.4,0.0
193,Hungary,38,2316.0,0.0
194,Hungary,39,2355.4,0.0
195,Hungary,40,2401.4,0.0
196,Hungary,41,2452.0,0.0
197,Hungary,42,2427.8,0.0
198,Hungary,43,2413.2,0.0
199,Hungary,44,2386.2,0.0
200,Hungary,45,2405.0,0.0
201,Hungary,46,2397.4,0.0
202,Hungary,47,2467.6,0.0
203,Hungary,48,2456.0,0.0
204,Hungary,49,2575.4,0.0
205,Hungary,50,2557.2,0.0
206,Hungary,51,2637.8,0.0
207,Hungary,52,2678.6,0.0
208,Slovenia,1,441.6,419.0
209,Slovenia,2,456.2,426.0
210,Slovenia,3,465.8,429.0
211,Slovenia,4,475.4,454.0
212,Slovenia,5,487.4,474.0
213,Slovenia,6,459.0,447.0
214,Slovenia,7,462.0,499.0
215,Slovenia,8,453.4,439.0
216,Slovenia,9,459.6,430.0
217,Slovenia,10,409.0,422.0
218,Slovenia,11,439.4,434.0
219,Slovenia,12,418.4,442.0
220,Slovenia,13,425.2,388.0
221,Slovenia,14,401.4,381.0
222,Slovenia,15,368.8,423.0
223,Slovenia,16,399.2,433.0
224,Slovenia,17,379.6,391.0
225,Slovenia,18,364.2,355.0
226,Slovenia,19,360.6,380.0
227,Slovenia,20,354.8,353.0
228,Slovenia,21,353.6,404.0
229,Slovenia,22,349.6,327.0
230,Slovenia,23,346.4,343.0
231,Slovenia,24,339.6,376.0
232,Slovenia,25,345.4,373.0
233,Slovenia,26,325.2,406.0
234,Slovenia,27,354.2,369.0
235,Slovenia,28,344.0,324.0
236,Slovenia,29,354.4,347.0
237,Slovenia,30,366.8,365.0
238,Slovenia,31,352.2,0.0
239,Slovenia,32,349.6,0.0
240,Slovenia,33,352.8,0.0
241,Slovenia,34,359.2,0.0
242,Slovenia,35,359.0,0.0
243,Slovenia,36,335.4,0.0
244,Slovenia,37,358.2,0.0
245,Slovenia,38,361.2,0.0
246,Slovenia,39,350.4,0.0
247,Slovenia,40,375.4,0.0
248,Slovenia,41,381.8,0.0
249,Slovenia,42,371.8,0.0
250,Slovenia,43,382.6,0.0
251,Slovenia,44,372.0,0.0
252,Slovenia,45,373.2,0.0
253,Slovenia,46,389.2,0.0
254,Slovenia,47,372.2,0.0
255,Slovenia,48,372.4,0.0
256,Slovenia,49,401.2,0.0
257,Slovenia,50,407.2,0.0
258,Slovenia,51,406.6,0.0
259,Slovenia,52,410.4,0.0
260,Austria,1,1809.0,1610.0
261,Austria,2,1857.0,1702.0
262,Austria,3,1786.4,1797.0
263,Austria,4,1747.0,1779.0
264,Austria,5,1818.6,1947.0
265,Austria,6,1836.8,1680.0
266,Austria,7,1812.8,1721.0
267,Austria,8,1822.0,1719.0
268,Austria,9,1815.6,1768.0
269,Austria,10,1753.6,1744.0
270,Austria,11,1711.4,1718.0
271,Austria,12,1598.0,1836.0
272,Austria,13,1645.8,1764.0
273,Austria,14,1585.4,1828.0
274,Austria,15,1546.2,1793.0
275,Austria,16,1523.4,1704.0
276,Austria,17,1470.2,1588.0
277,Austria,18,1464.6,1480.0
278,Austria,19,1439.4,1520.0
279,Austria,20,1463.0,1489.0
280,Austria,21,1421.6,1481.0
281,Austria,22,1414.4,1414.0
282,Austria,23,1412.4,1490.0
283,Austria,24,1443.4,1461.0
284,Austria,25,1407.6,1413.0
285,Austria,26,1399.8,1437.0
286,Austria,27,1435.2,1559.0
287,Austria,28,1377.4,1383.0
288,Austria,29,1469.8,1443.0
289,Austria,30,1488.8,1452.0
290,Austria,31,1504.8,1525.0
291,Austria,32,1426.2,1431.0
292,Austria,33,1460.6,1604.0
293,Austria,34,1433.8,1472.0
294,Austria,35,1426.8,1493.0
295,Austria,36,1377.2,1512.0
296,Austria,37,1424.8,1556.0
297,Austria,38,1423.0,1553.0
298,Austria,39,1471.6,1540.0
299,Austria,40,1510.4,0.0
300,Austria,41,1519.0,0.0
301,Austria,42,1505.2,0.0
302,Austria,43,1509.0,0.0
303,Austria,44,1513.0,0.0
304,Austria,45,1509.4,0.0
305,Austria,46,1552.4,0.0
306,Austria,47,1538.0,0.0
307,Austria,48,1546.2,0.0
308,Austria,49,1603.0,0.0
309,Austria,50,1606.8,0.0
310,Austria,51,1653.6,0.0
311,Austria,52,1735.2,0.0
312,Greece,1,2825.25,2748.0
313,Greece,2,2969.0,2921.0
314,Greece,3,2837.25,2863.0
315,Greece,4,2785.5,2774.0
316,Greece,5,2787.25,2989.0
317,Greece,6,2678.25,2848.0
318,Greece,7,2535.75,2782.0
319,Greece,8,2472.75,2468.0
320,Greece,9,2479.25,2544.0
321,Greece,10,2426.0,2645.0
322,Greece,11,2396.0,2594.0
323,Greece,12,2341.0,2547.0
324,Greece,13,2302.25,2438.0
325,Greece,14,2348.0,2450.0
326,Greece,15,2312.75,2361.0
327,Greece,16,2251.5,2267.0
328,Greece,17,2246.0,2202.0
329,Greece,18,2274.25,2306.0
330,Greece,19,2167.75,2125.0
331,Greece,20,2132.75,2473.0
332,Greece,21,2067.75,2328.0
333,Greece,22,2228.75,1961.0
334,Greece,23,2176.75,2102.0
335,Greece,24,2261.5,2209.0
336,Greece,25,2385.0,2349.0
337,Greece,26,2378.5,2175.0
338,Greece,27,2358.75,0.0
339,Greece,28,2255.5,0.0
340,Greece,29,2134.0,0.0
341,Greece,30,2240.0,0.0
342,Greece,31,2312.25,0.0
343,Greece,32,2404.25,0.0
344,Greece,33,2264.0,0.0
345,Greece,34,2156.25,0.0
346,Greece,35,2155.75,0.0
347,Greece,36,2084.0,0.0
348,Greece,37,2054.75,0.0
349,Greece,38,2018.0,0.0
350,Greece,39,2001.75,0.0
351,Greece,40,2123.0,0.0
352,Greece,41,2136.5,0.0
353,Greece,42,2164.75,0.0
354,Greece,43,2191.25,0.0
355,Greece,44,2236.5,0.0
356,Greece,45,2298.5,0.0
357,Greece,46,2279.5,0.0
358,Greece,47,2351.0,0.0
359,Greece,48,2364.0,0.0
360,Greece,49,2429.0,0.0
361,Greece,50,2459.0,0.0
362,Greece,51,2515.75,0.0
363,Greece,52,2615.5,0.0
364,Portugal,1,2794.4,2498.0
365,Portugal,2,2808.0,2654.0
366,Portugal,3,2858.6,2762.0
367,Portugal,4,2825.8,2662.0
368,Portugal,5,2686.8,2678.0
369,Portugal,6,2647.0,2476.0
370,Portugal,7,2643.4,2274.0
371,Portugal,8,2508.0,2356.0
372,Portugal,9,2463.2,2299.0
373,Portugal,10,2338.4,2174.0
374,Portugal,11,2276.4,2343.0
375,Portugal,12,2212.4,2431.0
376,Portugal,13,2160.6,2536.0
377,Portugal,14,2185.2,2650.0
378,Portugal,15,2108.0,2603.0
379,Portugal,16,2008.8,2382.0
380,Portugal,17,1988.8,2304.0
381,Portugal,18,1975.4,2157.0
382,Portugal,19,1918.8,2160.0
383,Portugal,20,1957.2,2051.0
384,Portugal,21,1917.0,2056.0
385,Portugal,22,1915.8,2325.0
386,Portugal,23,1879.4,2015.0
387,Portugal,24,1873.6,1867.0
388,Portugal,25,1984.0,1935.0
389,Portugal,26,1851.8,2117.0
390,Portugal,27,1810.6,2053.0
391,Portugal,28,1842.8,2218.0
392,Portugal,29,1835.0,2638.0
393,Portugal,30,1853.8,2426.0
394,Portugal,31,1901.6,2203.0
395,Portugal,32,1935.6,2070.0
396,Portugal,33,1821.2,1919.0
397,Portugal,34,1911.8,1990.0
398,Portugal,35,1790.4,2046.0
399,Portugal,36,1844.0,2001.0
400,Portugal,37,1786.6,2144.0
401,Portugal,38,1818.6,0.0
402,Portugal,39,1860.6,0.0
403,Portugal,40,1908.8,0.0
404,Portugal,41,1868.6,0.0
405,Portugal,42,1938.2,0.0
406,Portugal,43,1982.4,0.0
407,Portugal,44,1983.4,0.0
408,Portugal,45,2028.2,0.0
409,Portugal,46,2076.6,0.0
410,Portugal,47,2116.2,0.0
411,Portugal,48,2198.8,0.0
412,Portugal,49,2238.8,0.0
413,Portugal,50,2280.4,0.0
414,Portugal,51,2396.6,0.0
415,Portugal,52,2545.8,0.0
416,Estonia,1,343.8,295.0
417,Estonia,2,344.8,331.0
418,Estonia,3,330.8,316.0
419,Estonia,4,335.6,300.0
420,Estonia,5,339.6,308.0
421,Estonia,6,340.8,275.0
422,Estonia,7,321.6,322.0
423,Estonia,8,338.6,334.0
424,Estonia,9,333.4,313.0
425,Estonia,10,334.4,293.0
426,Estonia,11,323.6,340.0
427,Estonia,12,311.8,312.0
428,Estonia,13,316.8,328.0
429,Estonia,14,299.2,312.0
430,Estonia,15,304.0,315.0
431,Estonia,16,299.4,311.0
432,Estonia,17,285.2,326.0
433,Estonia,18,289.4,306.0
434,Estonia,19,287.6,316.0
435,Estonia,20,305.2,289.0
436,Estonia,21,286.6,278.0
437,Estonia,22,274.4,301.0
438,Estonia,23,279.6,271.0
439,Estonia,24,268.8,279.0
440,Estonia,25,272.0,276.0
441,Estonia,26,262.8,291.0
442,Estonia,27,262.2,271.0
443,Estonia,28,265.4,274.0
444,Estonia,29,270.0,282.0
445,Estonia,30,280.6,297.0
446,Estonia,31,268.0,306.0
447,Estonia,32,286.2,292.0
448,Estonia,33,278.2,293.0
449,Estonia,34,264.2,261.0
450,Estonia,35,272.2,299.0
451,Estonia,36,265.8,278.0
452,Estonia,37,272.6,255.0
453,Estonia,38,281.6,308.0
454,Estonia,39,286.6,321.0
455,Estonia,40,286.8,0.0
456,Estonia,41,285.4,0.0
457,Estonia,42,292.4,0.0
458,Estonia,43,295.6,0.0
459,Estonia,44,294.4,0.0
460,Estonia,45,279.8,0.0
461,Estonia,46,291.0,0.0
462,Estonia,47,280.6,0.0
463,Estonia,48,292.8,0.0
464,Estonia,49,296.2,0.0
465,Estonia,50,300.8,0.0
466,Estonia,51,310.2,0.0
467,Estonia,52,314.4,0.0
468,Latvia,1,612.0,597.0
469,Latvia,2,619.4,587.0
470,Latvia,3,630.8,538.0
471,Latvia,4,614.6,553.0
472,Latvia,5,605.6,550.0
473,Latvia,6,588.0,532.0
474,Latvia,7,605.8,544.0
475,Latvia,8,624.6,545.0
476,Latvia,9,629.2,447.0
477,Latvia,10,620.4,481.0
478,Latvia,11,593.6,513.0
479,Latvia,12,603.8,566.0
480,Latvia,13,596.0,529.0
481,Latvia,14,582.6,561.0
482,Latvia,15,575.4,491.0
483,Latvia,16,551.8,573.0
484,Latvia,17,546.4,533.0
485,Latvia,18,510.6,533.0
486,Latvia,19,541.2,578.0
487,Latvia,20,530.8,521.0
488,Latvia,21,522.0,557.0
489,Latvia,22,526.0,505.0
490,Latvia,23,502.8,504.0
491,Latvia,24,480.6,528.0
492,Latvia,25,529.2,499.0
493,Latvia,26,499.6,479.0
494,Latvia,27,496.0,605.0
495,Latvia,28,507.4,468.0
496,Latvia,29,530.6,503.0
497,Latvia,30,496.8,494.0
498,Latvia,31,495.0,499.0
499,Latvia,32,477.8,463.0
500,Latvia,33,493.8,511.0
501,Latvia,34,496.4,549.0
502,Latvia,35,480.6,504.0
503,Latvia,36,476.0,459.0
504,Latvia,37,503.0,490.0
505,Latvia,38,505.0,496.0
506,Latvia,39,529.8,480.0
507,Latvia,40,537.2,562.0
508,Latvia,41,522.4,0.0
509,Latvia,42,537.2,0.0
510,Latvia,43,521.8,0.0
511,Latvia,44,539.2,0.0
512,Latvia,45,511.8,0.0
513,Latvia,46,528.0,0.0
514,Latvia,47,537.0,0.0
515,Latvia,48,537.4,0.0
516,Latvia,49,547.8,0.0
517,Latvia,50,549.4,0.0
518,Latvia,51,589.4,0.0
519,Latvia,52,584.0,0.0
520,Netherlands,1,3281.8,3102.0
521,Netherlands,2,3353.6,3364.0
522,Netherlands,3,3290.0,3154.0
523,Netherlands,4,3336.8,3044.0
524,Netherlands,5,3310.4,3160.0
525,Netherlands,6,3290.6,3193.0
526,Netherlands,7,3334.2,3198.0
527,Netherlands,8,3389.0,2957.0
528,Netherlands,9,3309.8,3095.0
529,Netherlands,10,3339.6,3102.0
530,Netherlands,11,3191.8,3216.0
531,Netherlands,12,3068.0,3612.0
532,Netherlands,13,3043.0,4458.0
533,Netherlands,14,2912.0,5084.0
534,Netherlands,15,2846.6,4974.0
535,Netherlands,16,2832.6,4298.0
536,Netherlands,17,2796.2,3903.0
537,Netherlands,18,2731.2,3377.0
538,Netherlands,19,2783.4,2980.0
539,Netherlands,20,2724.8,2772.0
540,Netherlands,21,2720.6,2765.0
541,Netherlands,22,2711.8,2720.0
542,Netherlands,23,2645.2,2680.0
543,Netherlands,24,2630.8,2686.0
544,Netherlands,25,2617.4,2684.0
545,Netherlands,26,2661.6,2656.0
546,Netherlands,27,2739.6,2626.0
547,Netherlands,28,2635.0,2596.0
548,Netherlands,29,2658.0,2496.0
549,Netherlands,30,2688.0,2670.0
550,Netherlands,31,2600.2,2658.0
551,Netherlands,32,2628.6,2634.0
552,Netherlands,33,2572.8,3203.0
553,Netherlands,34,2602.2,2836.0
554,Netherlands,35,2603.0,2720.0
555,Netherlands,36,2568.0,2668.0
556,Netherlands,37,2644.0,2718.0
557,Netherlands,38,2627.2,2683.0
558,Netherlands,39,2695.4,0.0
559,Netherlands,40,2720.4,0.0
560,Netherlands,41,2814.0,0.0
561,Netherlands,42,2757.6,0.0
562,Netherlands,43,2801.0,0.0
563,Netherlands,44,2792.4,0.0
564,Netherlands,45,2844.8,0.0
565,Netherlands,46,2849.6,0.0
566,Netherlands,47,2904.2,0.0
567,Netherlands,48,2903.2,0.0
568,Netherlands,49,2964.4,0.0
569,Netherlands,50,3077.0,0.0
570,Netherlands,51,3065.8,0.0
571,Netherlands,52,3008.6,0.0
572,Switzerland,1,1468.6,1310.0
573,Switzerland,2,1479.6,1357.0
574,Switzerland,3,1489.0,1408.0
575,Switzerland,4,1457.6,1411.0
576,Switzerland,5,1467.0,1420.0
577,Switzerland,6,1502.0,1385.0
578,Switzerland,7,1506.6,1379.0
579,Switzerland,8,1508.0,1367.0
580,Switzerland,9,1521.4,1344.0
581,Switzerland,10,1447.2,1354.0
582,Switzerland,11,1388.4,1387.0
583,Switzerland,12,1339.8,1525.0
584,Switzerland,13,1283.0,1615.0
585,Switzerland,14,1299.8,1870.0
586,Switzerland,15,1235.2,1637.0
587,Switzerland,16,1228.2,1564.0
588,Switzerland,17,1198.6,1363.0
589,Switzerland,18,1227.8,1244.0
590,Switzerland,19,1196.0,1174.0
591,Switzerland,20,1174.0,1146.0
592,Switzerland,21,1207.2,1184.0
593,Switzerland,22,1155.8,1092.0
594,Switzerland,23,1162.4,1160.0
595,Switzerland,24,1138.4,1142.0
596,Switzerland,25,1174.0,1141.0
597,Switzerland,26,1191.8,1165.0
598,Switzerland,27,1191.0,1161.0
599,Switzerland,28,1182.4,1152.0
600,Switzerland,29,1222.0,1099.0
601,Switzerland,30,1191.6,1135.0
602,Switzerland,31,1171.2,1250.0
603,Switzerland,32,1164.8,1137.0
604,Switzerland,33,1163.6,1194.0
605,Switzerland,34,1177.4,1158.0
606,Switzerland,35,1165.2,1120.0
607,Switzerland,36,1167.6,1064.0
608,Switzerland,37,1192.4,1074.0
609,Switzerland,38,1209.6,1035.0
610,Switzerland,39,1218.2,0.0
611,Switzerland,40,1255.0,0.0
612,Switzerland,41,1243.6,0.0
613,Switzerland,42,1243.2,0.0
614,Switzerland,43,1237.4,0.0
615,Switzerland,44,1249.2,0.0
616,Switzerland,45,1258.8,0.0
617,Switzerland,46,1283.0,0.0
618,Switzerland,47,1275.8,0.0
619,Switzerland,48,1335.6,0.0
620,Switzerland,49,1319.6,0.0
621,Switzerland,50,1324.2,0.0
622,Switzerland,51,1366.2,0.0
623,Switzerland,52,1387.2,0.0
624,Iceland,1,45.8,57.0
625,Iceland,2,47.8,55.0
626,Iceland,3,44.4,52.0
627,Iceland,4,44.6,55.0
628,Iceland,5,45.6,39.0
629,Iceland,6,47.8,47.0
630,Iceland,7,47.2,49.0
631,Iceland,8,46.2,48.0
632,Iceland,9,43.6,43.0
633,Iceland,10,44.4,49.0
634,Iceland,11,45.2,42.0
635,Iceland,12,41.6,39.0
636,Iceland,13,47.2,42.0
637,Iceland,14,43.4,50.0
638,Iceland,15,44.4,49.0
639,Iceland,16,48.6,60.0
640,Iceland,17,44.4,35.0
641,Iceland,18,40.2,43.0
642,Iceland,19,41.6,37.0
643,Iceland,20,42.2,41.0
644,Iceland,21,43.6,50.0
645,Iceland,22,42.6,50.0
646,Iceland,23,45.0,34.0
647,Iceland,24,39.6,39.0
648,Iceland,25,37.4,30.0
649,Iceland,26,47.0,34.0
650,Iceland,27,43.0,35.0
651,Iceland,28,38.2,46.0
652,Iceland,29,39.2,42.0
653,Iceland,30,45.0,35.0
654,Iceland,31,36.0,35.0
655,Iceland,32,38.8,37.0
656,Iceland,33,39.0,36.0
657,Iceland,34,43.6,0.0
658,Iceland,35,35.8,0.0
659,Iceland,36,39.2,0.0
660,Iceland,37,42.4,0.0
661,Iceland,38,41.6,0.0
662,Iceland,39,50.0,0.0
663,Iceland,40,42.4,0.0
664,Iceland,41,42.4,0.0
665,Iceland,42,42.2,0.0
666,Iceland,43,46.0,0.0
667,Iceland,44,41.4,0.0
668,Iceland,45,38.4,0.0
669,Iceland,46,47.0,0.0
670,Iceland,47,44.2,0.0
671,Iceland,48,44.0,0.0
672,Iceland,49,41.8,0.0
673,Iceland,50,42.2,0.0
674,Iceland,51,43.8,0.0
675,Iceland,52,42.0,0.0
676,Norway,1,924.4,861.0
677,Norway,2,917.6,948.0
678,Norway,3,907.2,836.0
679,Norway,4,884.8,862.0
680,Norway,5,895.2,815.0
681,Norway,6,864.0,799.0
682,Norway,7,875.6,857.0
683,Norway,8,867.6,813.0
684,Norway,9,877.4,838.0
685,Norway,10,868.4,799.0
686,Norway,11,828.2,824.0
687,Norway,12,817.0,808.0
688,Norway,13,781.2,855.0
689,Norway,14,799.4,832.0
690,Norway,15,785.6,840.0
691,Norway,16,765.8,814.0
692,Norway,17,780.0,775.0
693,Norway,18,741.6,752.0
694,Norway,19,736.4,741.0
695,Norway,20,724.6,685.0
696,Norway,21,732.2,740.0
697,Norway,22,713.6,662.0
698,Norway,23,714.2,677.0
699,Norway,24,722.6,728.0
700,Norway,25,724.0,738.0
701,Norway,26,734.2,683.0
702,Norway,27,748.6,694.0
703,Norway,28,718.0,665.0
704,Norway,29,723.2,750.0
705,Norway,30,722.4,728.0
706,Norway,31,693.4,742.0
707,Norway,32,718.2,732.0
708,Norway,33,709.2,728.0
709,Norway,34,717.2,739.0
710,Norway,35,733.4,689.0
711,Norway,36,723.8,699.0
712,Norway,37,708.4,755.0
713,Norway,38,720.6,715.0
714,Norway,39,738.4,596.0
715,Norway,40,730.2,0.0
716,Norway,41,749.4,0.0
717,Norway,42,749.2,0.0
718,Norway,43,761.0,0.0
719,Norway,44,753.4,0.0
720,Norway,45,764.8,0.0
721,Norway,46,782.4,0.0
722,Norway,47,779.0,0.0
723,Norway,48,793.6,0.0
724,Norway,49,825.2,0.0
725,Norway,50,823.4,0.0
726,Norway,51,835.8,0.0
727,Norway,52,876.2,0.0
728,France,1,13444.8,12722.0
729,France,2,13563.0,13191.0
730,France,3,13209.8,12588.0
731,France,4,13070.6,12325.0
732,France,5,13071.0,12526.0
733,France,6,13189.6,12401.0
734,France,7,13024.0,12250.0
735,France,8,12892.8,11822.0
736,France,9,12922.2,12036.0
737,France,10,12623.4,12130.0
738,France,11,12036.8,12535.0
739,France,12,11744.8,13923.0
740,France,13,11642.4,16173.0
741,France,14,11380.2,18787.0
742,France,15,11173.6,17544.0
743,France,16,11027.6,15376.0
744,France,17,10917.4,12807.0
745,France,18,10776.8,11242.0
746,France,19,10638.8,11013.0
747,France,20,10533.2,10727.0
748,France,21,10531.0,11102.0
749,France,22,10265.6,10401.0
750,France,23,10207.2,10360.0
751,France,24,10092.8,10330.0
752,France,25,10365.4,10392.0
753,France,26,10386.0,11072.0
754,France,27,10746.6,9963.0
755,France,28,10218.6,10240.0
756,France,29,10444.6,10042.0
757,France,30,10436.6,10435.0
758,France,31,10156.6,10653.0
759,France,32,10258.6,10392.0
760,France,33,10023.0,11129.0
761,France,34,10296.0,0.0
762,France,35,10282.2,0.0
763,France,36,10078.4,0.0
764,France,37,10356.2,0.0
765,France,38,10614.4,0.0
766,France,39,10628.4,0.0
767,France,40,10874.0,0.0
768,France,41,11147.4,0.0
769,France,42,11011.4,0.0
770,France,43,11157.0,0.0
771,France,44,11173.4,0.0
772,France,45,11288.8,0.0
773,France,46,11302.2,0.0
774,France,47,11422.2,0.0
775,France,48,11550.0,0.0
776,France,49,11671.6,0.0
777,France,50,11961.2,0.0
778,France,51,12304.8,0.0
779,France,52,12618.4,0.0
780,Lithuania,1,863.0,808.0
781,Lithuania,2,873.6,800.0
782,Lithuania,3,920.0,787.0
783,Lithuania,4,911.2,784.0
784,Lithuania,5,911.6,762.0
785,Lithuania,6,899.6,764.0
786,Lithuania,7,876.2,809.0
787,Lithuania,8,896.2,707.0
788,Lithuania,9,864.6,806.0
789,Lithuania,10,841.4,773.0
790,Lithuania,11,819.4,773.0
791,Lithuania,12,804.4,802.0
792,Lithuania,13,786.4,815.0
793,Lithuania,14,795.6,774.0
794,Lithuania,15,789.0,802.0
795,Lithuania,16,785.2,783.0
796,Lithuania,17,763.2,785.0
797,Lithuania,18,749.0,769.0
798,Lithuania,19,762.8,717.0
799,Lithuania,20,736.2,732.0
800,Lithuania,21,776.4,715.0
801,Lithuania,22,750.4,745.0
802,Lithuania,23,742.0,734.0
803,Lithuania,24,711.6,818.0
804,Lithuania,25,710.8,760.0
805,Lithuania,26,729.0,808.0
806,Lithuania,27,696.6,688.0
807,Lithuania,28,702.0,700.0
808,Lithuania,29,704.6,760.0
809,Lithuania,30,739.0,744.0
810,Lithuania,31,696.4,713.0
811,Lithuania,32,719.0,726.0
812,Lithuania,33,697.4,743.0
813,Lithuania,34,677.2,764.0
814,Lithuania,35,701.0,708.0
815,Lithuania,36,676.6,664.0
816,Lithuania,37,653.2,715.0
817,Lithuania,38,695.6,710.0
818,Lithuania,39,716.4,776.0
819,Lithuania,40,736.8,0.0
820,Lithuania,41,736.4,0.0
821,Lithuania,42,777.8,0.0
822,Lithuania,43,771.6,0.0
823,Lithuania,44,753.0,0.0
824,Lithuania,45,739.8,0.0
825,Lithuania,46,747.8,0.0
826,Lithuania,47,746.4,0.0
827,Lithuania,48,749.8,0.0
828,Lithuania,49,770.4,0.0
829,Lithuania,50,744.8,0.0
830,Lithuania,51,782.6,0.0
831,Lithuania,52,822.4,0.0
832,Czech Republic,1,2365.4,2300.0
833,Czech Republic,2,2342.6,2313.0
834,Czech Republic,3,2389.0,2238.0
835,Czech Republic,4,2386.2,2328.0
836,Czech Republic,5,2405.6,2357.0
837,Czech Republic,6,2466.4,2348.0
838,Czech Republic,7,2499.0,2385.0
839,Czech Republic,8,2501.0,2342.0
840,Czech Republic,9,2465.8,2350.0
841,Czech Republic,10,2411.0,2283.0
842,Czech Republic,11,2330.8,2295.0
843,Czech Republic,12,2265.8,2319.0
844,Czech Republic,13,2199.0,2287.0
845,Czech Republic,14,2161.8,2314.0
846,Czech Republic,15,2116.4,2236.0
847,Czech Republic,16,2066.0,2116.0
848,Czech Republic,17,2110.2,2026.0
849,Czech Republic,18,2027.4,2107.0
850,Czech Republic,19,2022.8,1990.0
851,Czech Republic,20,1981.6,2026.0
852,Czech Republic,21,1986.6,1905.0
853,Czech Republic,22,2038.4,1926.0
854,Czech Republic,23,1956.4,2124.0
855,Czech Republic,24,1957.4,1976.0
856,Czech Republic,25,1948.0,2019.0
857,Czech Republic,26,1961.2,2067.0
858,Czech Republic,27,1982.8,2098.0
859,Czech Republic,28,1988.0,1984.0
860,Czech Republic,29,1993.8,1972.0
861,Czech Republic,30,2029.0,2065.0
862,Czech Republic,31,2035.8,2207.0
863,Czech Republic,32,2019.8,2112.0
864,Czech Republic,33,2056.0,2096.0
865,Czech Republic,34,1962.0,0.0
866,Czech Republic,35,1956.4,0.0
867,Czech Republic,36,1958.0,0.0
868,Czech Republic,37,1960.2,0.0
869,Czech Republic,38,1987.8,0.0
870,Czech Republic,39,2018.2,0.0
871,Czech Republic,40,2101.8,0.0
872,Czech Republic,41,2109.4,0.0
873,Czech Republic,42,2072.8,0.0
874,Czech Republic,43,2079.4,0.0
875,Czech Republic,44,2056.0,0.0
876,Czech Republic,45,2036.8,0.0
877,Czech Republic,46,2087.2,0.0
878,Czech Republic,47,2088.8,0.0
879,Czech Republic,48,2089.8,0.0
880,Czech Republic,49,2118.6,0.0
881,Czech Republic,50,2160.2,0.0
882,Czech Republic,51,2222.8,0.0
883,Czech Republic,52,2248.0,0.0
884,Germany,1,19353.25,18888.0
885,Germany,2,19612.25,19418.0
886,Germany,3,19553.25,19157.0
887,Germany,4,19866.5,18925.0
888,Germany,5,20375.75,19775.0
889,Germany,6,20338.0,19009.0
890,Germany,7,20642.5,19607.0
891,Germany,8,20994.5,18915.0
892,Germany,9,21545.25,19457.0
893,Germany,10,21305.0,19616.0
894,Germany,11,20454.0,19852.0
895,Germany,12,19564.75,19710.0
896,Germany,13,18954.0,19675.0
897,Germany,14,18495.25,20617.0
898,Germany,15,17907.5,20479.0
899,Germany,16,17373.25,19247.0
900,Germany,17,17418.5,18521.0
901,Germany,18,16977.25,17874.0
902,Germany,19,17329.0,17596.0
903,Germany,20,16870.75,16944.0
904,Germany,21,16582.5,17125.0
905,Germany,22,16802.0,16716.0
906,Germany,23,16462.5,17219.0
907,Germany,24,15967.5,16538.0
908,Germany,25,16552.75,16342.0
909,Germany,26,16565.5,17218.0
910,Germany,27,16456.75,16381.0
911,Germany,28,16041.0,16063.0
912,Germany,29,16783.0,16426.0
913,Germany,30,17546.25,16795.0
914,Germany,31,17334.5,17269.0
915,Germany,32,16572.25,17318.0
916,Germany,33,16307.5,19450.0
917,Germany,34,16475.5,17303.0
918,Germany,35,16450.5,16340.0
919,Germany,36,16050.0,16308.0
920,Germany,37,16278.25,0.0
921,Germany,38,16315.5,0.0
922,Germany,39,16613.5,0.0
923,Germany,40,16634.25,0.0
924,Germany,41,17389.0,0.0
925,Germany,42,17250.75,0.0
926,Germany,43,17145.0,0.0
927,Germany,44,17181.25,0.0
928,Germany,45,17654.0,0.0
929,Germany,46,17817.25,0.0
930,Germany,47,17976.75,0.0
931,Germany,48,18173.75,0.0
932,Germany,49,18643.25,0.0
933,Germany,50,18608.25,0.0
934,Germany,51,18982.0,0.0
935,Germany,52,18638.5,0.0
936,Slovakia,1,1158.8,1090.0
937,Slovakia,2,1157.8,1102.0
938,Slovakia,3,1200.0,1082.0
939,Slovakia,4,1160.4,1102.0
940,Slovakia,5,1221.0,1152.0
941,Slovakia,6,1193.4,1096.0
942,Slovakia,7,1188.4,1177.0
943,Slovakia,8,1190.0,1084.0
944,Slovakia,9,1191.6,1147.0
945,Slovakia,10,1146.4,1120.0
946,Slovakia,11,1101.8,1112.0
947,Slovakia,12,1079.8,1185.0
948,Slovakia,13,1051.4,1049.0
949,Slovakia,14,1016.0,1077.0
950,Slovakia,15,1045.6,993.0
951,Slovakia,16,1004.8,953.0
952,Slovakia,17,1008.8,972.0
953,Slovakia,18,979.2,963.0
954,Slovakia,19,954.4,990.0
955,Slovakia,20,944.2,972.0
956,Slovakia,21,960.6,946.0
957,Slovakia,22,953.6,900.0
958,Slovakia,23,922.2,951.0
959,Slovakia,24,972.2,965.0
960,Slovakia,25,955.2,893.0
961,Slovakia,26,926.6,923.0
962,Slovakia,27,937.4,965.0
963,Slovakia,28,942.0,958.0
964,Slovakia,29,948.4,932.0
965,Slovakia,30,1023.4,942.0
966,Slovakia,31,976.0,949.0
967,Slovakia,32,964.2,1000.0
968,Slovakia,33,960.8,904.0
969,Slovakia,34,934.8,888.0
970,Slovakia,35,954.2,907.0
971,Slovakia,36,945.6,0.0
972,Slovakia,37,949.6,0.0
973,Slovakia,38,978.2,0.0
974,Slovakia,39,991.2,0.0
975,Slovakia,40,989.4,0.0
976,Slovakia,41,983.4,0.0
977,Slovakia,42,1010.4,0.0
978,Slovakia,43,980.8,0.0
979,Slovakia,44,999.8,0.0
980,Slovakia,45,1006.8,0.0
981,Slovakia,46,1005.6,0.0
982,Slovakia,47,1008.4,0.0
983,Slovakia,48,1008.2,0.0
984,Slovakia,49,976.2,0.0
985,Slovakia,50,1011.6,0.0
986,Slovakia,51,1087.0,0.0
987,Slovakia,52,1092.8,0.0
988,Spain,1,9864.0,8902.0
989,Spain,2,10284.8,9614.0
990,Spain,3,10463.4,10109.0
991,Spain,4,10129.8,9607.0
992,Spain,5,10000.0,9647.0
993,Spain,6,9717.8,9400.0
994,Spain,7,9563.0,8986.0
995,Spain,8,9357.2,8510.0
996,Spain,9,9118.4,7998.0
997,Spain,10,8815.6,8650.0
998,Spain,11,8513.2,9281.0
999,Spain,12,8236.6,12673.0
1000,Spain,13,8273.0,19219.0
1001,Spain,14,8117.8,20652.0
1002,Spain,15,7987.4,17229.0
1003,Spain,16,7786.4,13131.0
1004,Spain,17,7682.8,10343.0
1005,Spain,18,7518.4,8832.0
1006,Spain,19,7556.2,8590.0
1007,Spain,20,7523.2,7590.0
1008,Spain,21,7432.0,7658.0
1009,Spain,22,7273.6,7216.0
1010,Spain,23,7325.6,7210.0
1011,Spain,24,7255.0,6945.0
1012,Spain,25,7446.4,7156.0
1013,Spain,26,7371.4,7638.0
1014,Spain,27,7632.0,7746.0
1015,Spain,28,7562.2,7844.0
1016,Spain,29,7455.8,7712.0
1017,Spain,30,7363.8,7922.0
1018,Spain,31,7445.8,8617.0
1019,Spain,32,7390.8,8521.0
1020,Spain,33,7121.2,8275.0
1021,Spain,34,7025.4,7986.0
1022,Spain,35,6977.6,8032.0
1023,Spain,36,6856.4,7853.0
1024,Spain,37,6758.6,8128.0
1025,Spain,38,6962.2,8150.0
1026,Spain,39,7110.0,7726.0
1027,Spain,40,7089.2,0.0
1028,Spain,41,7211.8,0.0
1029,Spain,42,7267.6,0.0
1030,Spain,43,7386.0,0.0
1031,Spain,44,7521.8,0.0
1032,Spain,45,7698.4,0.0
1033,Spain,46,7895.8,0.0
1034,Spain,47,7960.2,0.0
1035,Spain,48,8128.6,0.0
1036,Spain,49,8163.4,0.0
1037,Spain,50,8491.4,0.0
1038,Spain,51,8729.2,0.0
1039,Spain,52,9012.2,0.0
1040,Poland,1,8503.6,8438.0
1041,Poland,2,8512.6,8237.0
1042,Poland,3,8539.4,8056.0
1043,Poland,4,8614.6,8014.0
1044,Poland,5,8871.6,8554.0
1045,Poland,6,8820.0,8342.0
1046,Poland,7,8878.2,8620.0
1047,Poland,8,8789.8,8470.0
1048,Poland,9,8788.4,8469.0
1049,Poland,10,8629.4,8359.0
1050,Poland,11,8407.6,8404.0
1051,Poland,12,8275.4,8315.0
1052,Poland,13,8145.6,8143.0
1053,Poland,14,7956.6,7987.0
1054,Poland,15,7804.0,7986.0
1055,Poland,16,7606.8,8177.0
1056,Poland,17,7617.2,7736.0
1057,Poland,18,7425.0,7754.0
1058,Poland,19,7285.2,7569.0
1059,Poland,20,7167.0,7549.0
1060,Poland,21,7265.0,7537.0
1061,Poland,22,7238.4,7626.0
1062,Poland,23,7206.6,7798.0
1063,Poland,24,7194.2,7730.0
1064,Poland,25,7161.2,7387.0
1065,Poland,26,7004.4,7359.0
1066,Poland,27,7017.8,0.0
1067,Poland,28,6997.8,0.0
1068,Poland,29,7065.2,0.0
1069,Poland,30,7322.8,0.0
1070,Poland,31,7209.2,0.0
1071,Poland,32,7172.2,0.0
1072,Poland,33,7008.2,0.0
1073,Poland,34,6850.0,0.0
1074,Poland,35,7134.4,0.0
1075,Poland,36,7005.4,0.0
1076,Poland,37,6942.4,0.0
1077,Poland,38,7203.4,0.0
1078,Poland,39,7416.2,0.0
1079,Poland,40,7618.6,0.0
1080,Poland,41,7569.2,0.0
1081,Poland,42,7696.8,0.0
1082,Poland,43,7599.4,0.0
1083,Poland,44,7598.0,0.0
1084,Poland,45,7496.6,0.0
1085,Poland,46,7540.8,0.0
1086,Poland,47,7633.6,0.0
1087,Poland,48,7667.8,0.0
1088,Poland,49,7876.0,0.0
1089,Poland,50,7841.4,0.0
1090,Poland,51,8020.0,0.0
1091,Poland,52,8280.6,0.0
1092,Bulgaria,1,2584.6,2104.0
1093,Bulgaria,2,2574.4,2273.0
1094,Bulgaria,3,2528.6,2178.0
1095,Bulgaria,4,2508.2,2389.0
1096,Bulgaria,5,2460.8,2430.0
1097,Bulgaria,6,2313.8,2344.0
1098,Bulgaria,7,2294.6,2299.0
1099,Bulgaria,8,2288.6,2158.0
1100,Bulgaria,9,2280.4,2178.0
1101,Bulgaria,10,2267.6,2043.0
1102,Bulgaria,11,2204.0,2071.0
1103,Bulgaria,12,2162.0,2034.0
1104,Bulgaria,13,2143.8,2072.0
1105,Bulgaria,14,2131.4,2033.0
1106,Bulgaria,15,2074.6,2021.0
1107,Bulgaria,16,2066.2,2013.0
1108,Bulgaria,17,2053.0,1974.0
1109,Bulgaria,18,2013.0,1890.0
1110,Bulgaria,19,2029.4,1908.0
1111,Bulgaria,20,1970.6,2079.0
1112,Bulgaria,21,1973.2,1887.0
1113,Bulgaria,22,1953.8,1797.0
1114,Bulgaria,23,1919.4,1909.0
1115,Bulgaria,24,1935.6,1937.0
1116,Bulgaria,25,1962.0,1914.0
1117,Bulgaria,26,1957.8,1896.0
1118,Bulgaria,27,1898.8,2127.0
1119,Bulgaria,28,1940.8,2037.0
1120,Bulgaria,29,1872.0,1834.0
1121,Bulgaria,30,1972.8,1970.0
1122,Bulgaria,31,1961.6,2146.0
1123,Bulgaria,32,1933.6,2045.0
1124,Bulgaria,33,1860.2,1958.0
1125,Bulgaria,34,1833.0,1893.0
1126,Bulgaria,35,1820.0,1918.0
1127,Bulgaria,36,1814.0,1931.0
1128,Bulgaria,37,1818.2,1893.0
1129,Bulgaria,38,1812.4,1829.0
1130,Bulgaria,39,1804.4,1802.0
1131,Bulgaria,40,1948.0,0.0
1132,Bulgaria,41,1986.6,0.0
1133,Bulgaria,42,2057.8,0.0
1134,Bulgaria,43,2052.2,0.0
1135,Bulgaria,44,2087.0,0.0
1136,Bulgaria,45,2104.2,0.0
1137,Bulgaria,46,2124.8,0.0
1138,Bulgaria,47,2082.6,0.0
1139,Bulgaria,48,2102.0,0.0
1140,Bulgaria,49,2155.8,0.0
1141,Bulgaria,50,2194.8,0.0
1142,Bulgaria,51,2225.6,0.0
1143,Bulgaria,52,2356.6,0.0
1144,Israel,1,1011.2,1091.0
1145,Israel,2,1054.2,1010.0
1146,Israel,3,1033.2,1099.0
1147,Israel,4,1048.8,1000.0
1148,Israel,5,1055.8,991.0
1149,Israel,6,1052.0,944.0
1150,Israel,7,987.6,965.0
1151,Israel,8,984.4,988.0
1152,Israel,9,960.8,903.0
1153,Israel,10,940.0,929.0
1154,Israel,11,922.0,964.0
1155,Israel,12,863.0,892.0
1156,Israel,13,889.0,980.0
1157,Israel,14,868.8,1029.0
1158,Israel,15,835.8,877.0
1159,Israel,16,824.6,928.0
1160,Israel,17,852.2,898.0
1161,Israel,18,815.8,830.0
1162,Israel,19,817.2,857.0
1163,Israel,20,801.2,846.0
1164,Israel,21,798.8,960.0
1165,Israel,22,788.0,835.0
1166,Israel,23,774.2,806.0
1167,Israel,24,753.0,784.0
1168,Israel,25,763.8,790.0
1169,Israel,26,758.6,778.0
1170,Israel,27,770.0,774.0
1171,Israel,28,758.4,837.0
1172,Israel,29,757.2,829.0
1173,Israel,30,790.0,812.0
1174,Israel,31,765.4,931.0
1175,Israel,32,783.8,848.0
1176,Israel,33,766.6,935.0
1177,Israel,34,775.4,890.0
1178,Israel,35,778.2,870.0
1179,Israel,36,768.6,809.0
1180,Israel,37,762.2,0.0
1181,Israel,38,772.0,0.0
1182,Israel,39,780.6,0.0
1183,Israel,40,785.8,0.0
1184,Israel,41,798.0,0.0
1185,Israel,42,822.0,0.0
1186,Israel,43,818.2,0.0
1187,Israel,44,831.4,0.0
1188,Israel,45,834.2,0.0
1189,Israel,46,852.0,0.0
1190,Israel,47,837.4,0.0
1191,Israel,48,898.6,0.0
1192,Israel,49,866.0,0.0
1193,Israel,50,940.0,0.0
1194,Israel,51,933.4,0.0
1195,Israel,52,974.2,0.0
1196,Finland,1,1165.2,1045.0
1197,Finland,2,1180.4,1068.0
1198,Finland,3,1172.4,1059.0
1199,Finland,4,1127.2,1038.0
1200,Finland,5,1137.6,1073.0
1201,Finland,6,1123.0,1115.0
1202,Finland,7,1098.8,1098.0
1203,Finland,8,1095.2,1090.0
1204,Finland,9,1120.2,1049.0
1205,Finland,10,1102.6,1104.0
1206,Finland,11,1102.8,1105.0
1207,Finland,12,1087.6,1122.0
1208,Finland,13,1064.0,1108.0
1209,Finland,14,1077.0,1107.0
1210,Finland,15,1047.4,1180.0
1211,Finland,16,1057.8,1094.0
1212,Finland,17,1015.4,1140.0
1213,Finland,18,1037.8,1128.0
1214,Finland,19,991.4,1073.0
1215,Finland,20,970.8,1101.0
1216,Finland,21,958.6,957.0
1217,Finland,22,950.4,989.0
1218,Finland,23,966.2,981.0
1219,Finland,24,950.0,999.0
1220,Finland,25,967.0,1066.0
1221,Finland,26,950.6,1015.0
1222,Finland,27,945.8,993.0
1223,Finland,28,943.0,939.0
1224,Finland,29,959.6,1020.0
1225,Finland,30,973.4,962.0
1226,Finland,31,938.6,978.0
1227,Finland,32,924.8,946.0
1228,Finland,33,950.4,969.0
1229,Finland,34,958.6,1008.0
1230,Finland,35,963.0,975.0
1231,Finland,36,967.2,967.0
1232,Finland,37,965.0,1072.0
1233,Finland,38,986.6,945.0
1234,Finland,39,990.8,0.0
1235,Finland,40,1016.4,0.0
1236,Finland,41,1022.8,0.0
1237,Finland,42,1015.4,0.0
1238,Finland,43,1034.8,0.0
1239,Finland,44,1032.6,0.0
1240,Finland,45,1008.6,0.0
1241,Finland,46,994.8,0.0
1242,Finland,47,1023.2,0.0
1243,Finland,48,1032.6,0.0
1244,Finland,49,1058.0,0.0
1245,Finland,50,1060.6,0.0
1246,Finland,51,1088.2,0.0
1247,Finland,52,1162.4,0.0
1248,New Zealand,1,569.4,591.0
1249,New Zealand,2,588.0,581.0
1250,New Zealand,3,574.4,641.0
1251,New Zealand,4,584.4,609.0
1252,New Zealand,5,573.0,615.0
1253,New Zealand,6,567.0,588.0
1254,New Zealand,7,553.0,618.0
1255,New Zealand,8,568.8,621.0
1256,New Zealand,9,576.4,594.0
1257,New Zealand,10,577.6,612.0
1258,New Zealand,11,588.0,600.0
1259,New Zealand,12,582.4,618.0
1260,New Zealand,13,593.8,613.0
1261,New Zealand,14,591.2,628.0
1262,New Zealand,15,585.0,650.0
1263,New Zealand,16,616.0,664.0
1264,New Zealand,17,605.6,632.0
1265,New Zealand,18,611.0,559.0
1266,New Zealand,19,631.6,629.0
1267,New Zealand,20,612.4,615.0
1268,New Zealand,21,636.4,608.0
1269,New Zealand,22,660.4,600.0
1270,New Zealand,23,669.8,619.0
1271,New Zealand,24,666.4,644.0
1272,New Zealand,25,680.8,638.0
1273,New Zealand,26,676.0,620.0
1274,New Zealand,27,681.8,619.0
1275,New Zealand,28,703.8,615.0
1276,New Zealand,29,720.0,693.0
1277,New Zealand,30,729.4,684.0
1278,New Zealand,31,731.4,670.0
1279,New Zealand,32,735.8,644.0
1280,New Zealand,33,716.8,633.0
1281,New Zealand,34,686.4,651.0
1282,New Zealand,35,687.6,599.0
1283,New Zealand,36,663.2,623.0
1284,New Zealand,37,683.2,613.0
1285,New Zealand,38,672.6,573.0
1286,New Zealand,39,647.0,0.0
1287,New Zealand,40,643.0,0.0
1288,New Zealand,41,656.6,0.0
1289,New Zealand,42,614.0,0.0
1290,New Zealand,43,614.4,0.0
1291,New Zealand,44,619.0,0.0
1292,New Zealand,45,611.2,0.0
1293,New Zealand,46,587.8,0.0
1294,New Zealand,47,610.4,0.0
1295,New Zealand,48,588.4,0.0
1296,New Zealand,49,576.0,0.0
1297,New Zealand,50,600.4,0.0
1298,New Zealand,51,582.4,0.0
1299,New Zealand,52,585.6,0.0
1300,Italy,1,11564.2,12707.0
1301,Italy,2,14689.8,13227.0
1302,Italy,3,14451.8,13303.0
1303,Italy,4,13958.8,13261.0
1304,Italy,5,13865.6,13128.0
1305,Italy,6,13428.0,12839.0
1306,Italy,7,13258.2,12896.0
1307,Italy,8,13020.4,12544.0
1308,Italy,9,12953.2,13011.0
1309,Italy,10,12667.4,14029.0
1310,Italy,11,12335.4,17499.0
1311,Italy,12,11856.8,21103.0
1312,Italy,13,11818.2,22448.0
1313,Italy,14,11608.4,19640.0
1314,Italy,15,11380.0,17724.0
1315,Italy,16,11224.8,15553.0
1316,Italy,17,11036.4,13643.0
1317,Italy,18,10888.4,12257.0
1318,Italy,19,10883.4,11676.0
1319,Italy,20,10607.6,11057.0
1320,Italy,21,10692.4,10510.0
1321,Italy,22,10457.8,10021.0
1322,Italy,23,10728.4,10093.0
1323,Italy,24,10627.2,9589.0
1324,Italy,25,10523.8,9899.0
1325,Italy,26,10581.2,10603.0
1326,Italy,27,10826.8,0.0
1327,Italy,28,11049.6,0.0
1328,Italy,29,10825.4,0.0
1329,Italy,30,11212.4,0.0
1330,Italy,31,11093.8,0.0
1331,Italy,32,11427.8,0.0
1332,Italy,33,10679.8,0.0
1333,Italy,34,10321.4,0.0
1334,Italy,35,10271.0,0.0
1335,Italy,36,10107.6,0.0
1336,Italy,37,10125.0,0.0
1337,Italy,38,10265.6,0.0
1338,Italy,39,10333.4,0.0
1339,Italy,40,10577.6,0.0
1340,Italy,41,11070.4,0.0
1341,Italy,42,10943.6,0.0
1342,Italy,43,11108.8,0.0
1343,Italy,44,10862.0,0.0
1344,Italy,45,11147.4,0.0
1345,Italy,46,11342.6,0.0
1346,Italy,47,11400.4,0.0
1347,Italy,48,11418.8,0.0
1348,Italy,49,11734.2,0.0
1349,Italy,50,12151.8,0.0
1350,Italy,51,12597.0,0.0
1351,Italy,52,13113.4,0.0
1352,"Korea, South",1,6089.8,6424.0
1353,"Korea, South",2,6125.4,6297.0
1354,"Korea, South",3,6087.2,6373.0
1355,"Korea, South",4,6010.0,6458.0
1356,"Korea, South",5,6014.4,6411.0
1357,"Korea, South",6,5854.0,6409.0
1358,"Korea, South",7,5855.4,6137.0
1359,"Korea, South",8,5900.6,5950.0
1360,"Korea, South",9,5870.0,5987.0
1361,"Korea, South",10,5797.8,5933.0
1362,"Korea, South",11,5715.6,5905.0
1363,"Korea, South",12,5612.4,5823.0
1364,"Korea, South",13,5595.0,5682.0
1365,"Korea, South",14,5601.4,5610.0
1366,"Korea, South",15,5447.6,5836.0
1367,"Korea, South",16,5517.2,5713.0
1368,"Korea, South",17,5365.4,5539.0
1369,"Korea, South",18,5465.6,5942.0
1370,"Korea, South",19,5353.2,5499.0
1371,"Korea, South",20,5373.2,5402.0
1372,"Korea, South",21,5268.8,5460.0
1373,"Korea, South",22,5312.4,5343.0
1374,"Korea, South",23,5187.0,5594.0
1375,"Korea, South",24,5126.0,5483.0
1376,"Korea, South",25,5170.4,5385.0
1377,"Korea, South",26,5113.4,5356.0
1378,"Korea, South",27,5094.2,5347.0
1379,"Korea, South",28,5053.4,5125.0
1380,"Korea, South",29,5045.4,5339.0
1381,"Korea, South",30,5172.8,5402.0
1382,"Korea, South",31,5269.0,5336.0
1383,"Korea, South",32,5247.6,4773.0
1384,"Korea, South",33,5103.2,4272.0
1385,"Korea, South",34,5144.2,3672.0
1386,"Korea, South",35,5131.6,1896.0
1387,"Korea, South",36,5222.2,0.0
1388,"Korea, South",37,5199.0,0.0
1389,"Korea, South",38,5232.2,0.0
1390,"Korea, South",39,5319.6,0.0
1391,"Korea, South",40,5432.8,0.0
1392,"Korea, South",41,5423.4,0.0
1393,"Korea, South",42,5567.8,0.0
1394,"Korea, South",43,5544.4,0.0
1395,"Korea, South",44,5563.6,0.0
1396,"Korea, South",45,5591.8,0.0
1397,"Korea, South",46,5579.2,0.0
1398,"Korea, South",47,5578.0,0.0
1399,"Korea, South",48,5653.6,0.0
1400,"Korea, South",49,5663.0,0.0
1401,"Korea, South",50,5785.2,0.0
1402,"Korea, South",51,5888.8,0.0
1403,"Korea, South",52,5927.8,0.0
1404,Russia,1,40461.8,0.0
1405,Russia,2,38886.6,0.0
1406,Russia,3,37592.0,0.0
1407,Russia,4,36550.6,0.0
1408,Russia,5,36419.6,0.0
1409,Russia,6,36170.8,0.0
1410,Russia,7,36428.8,0.0
1411,Russia,8,36810.2,0.0
1412,Russia,9,36593.8,0.0
1413,Russia,10,36563.8,0.0
1414,Russia,11,36531.6,0.0
1415,Russia,12,35819.2,0.0
1416,Russia,13,34911.2,0.0
1417,Russia,14,35210.0,0.0
1418,Russia,15,35384.6,0.0
1419,Russia,16,35408.0,0.0
1420,Russia,17,35065.6,0.0
1421,Russia,18,35456.6,0.0
1422,Russia,19,35220.0,0.0
1423,Russia,20,34759.2,0.0
1424,Russia,21,34219.8,0.0
1425,Russia,22,33983.4,0.0
1426,Russia,23,34019.0,0.0
1427,Russia,24,34578.8,0.0
1428,Russia,25,35233.8,0.0
1429,Russia,26,34526.8,0.0
1430,Russia,27,32963.6,0.0
1431,Russia,28,33267.4,0.0
1432,Russia,29,33123.8,0.0
1433,Russia,30,33157.4,0.0
1434,Russia,31,33239.4,0.0
1435,Russia,32,32815.2,0.0
1436,Russia,33,32714.8,0.0
1437,Russia,34,32319.4,0.0
1438,Russia,35,32075.6,0.0
1439,Russia,36,32394.8,0.0
1440,Russia,37,33181.2,0.0
1441,Russia,38,34073.2,0.0
1442,Russia,39,34245.6,0.0
1443,Russia,40,34591.4,0.0
1444,Russia,41,34018.2,0.0
1445,Russia,42,33940.0,0.0
1446,Russia,43,33220.6,0.0
1447,Russia,44,32999.0,0.0
1448,Russia,45,33112.4,0.0
1449,Russia,46,33109.2,0.0
1450,Russia,47,33597.8,0.0
1451,Russia,48,33495.2,0.0
1452,Russia,49,33477.2,0.0
1453,Russia,50,33564.6,0.0
1454,Russia,51,34131.0,0.0
1455,Russia,52,35138.4,0.0
1456,Denmark,1,1121.4,1116.0
1457,Denmark,2,1115.0,1149.0
1458,Denmark,3,1102.4,1070.0
1459,Denmark,4,1100.0,1026.0
1460,Denmark,5,1149.2,1087.0
1461,Denmark,6,1138.8,1078.0
1462,Denmark,7,1167.4,1057.0
1463,Denmark,8,1156.2,1035.0
1464,Denmark,9,1182.4,1022.0
1465,Denmark,10,1169.6,1061.0
1466,Denmark,11,1158.2,1064.0
1467,Denmark,12,1122.2,1138.0
1468,Denmark,13,1085.2,1110.0
1469,Denmark,14,1055.6,1153.0
1470,Denmark,15,1068.6,1142.0
1471,Denmark,16,1025.4,1075.0
1472,Denmark,17,983.2,1082.0
1473,Denmark,18,1034.8,1044.0
1474,Denmark,19,1013.8,1024.0
1475,Denmark,20,972.8,950.0
1476,Denmark,21,968.2,993.0
1477,Denmark,22,969.2,964.0
1478,Denmark,23,971.4,958.0
1479,Denmark,24,974.0,998.0
1480,Denmark,25,969.8,947.0
1481,Denmark,26,929.8,977.0
1482,Denmark,27,942.6,995.0
1483,Denmark,28,942.8,956.0
1484,Denmark,29,958.0,1024.0
1485,Denmark,30,979.2,940.0
1486,Denmark,31,965.8,982.0
1487,Denmark,32,956.4,955.0
1488,Denmark,33,944.2,990.0
1489,Denmark,34,969.2,988.0
1490,Denmark,35,941.0,949.0
1491,Denmark,36,942.0,984.0
1492,Denmark,37,950.2,972.0
1493,Denmark,38,965.2,1076.0
1494,Denmark,39,979.0,949.0
1495,Denmark,40,970.4,0.0
1496,Denmark,41,991.8,0.0
1497,Denmark,42,982.8,0.0
1498,Denmark,43,983.8,0.0
1499,Denmark,44,986.6,0.0
1500,Denmark,45,996.4,0.0
1501,Denmark,46,1018.2,0.0
1502,Denmark,47,1019.2,0.0
1503,Denmark,48,1041.8,0.0
1504,Denmark,49,1080.8,0.0
1505,Denmark,50,1070.6,0.0
1506,Denmark,51,1056.0,0.0
1507,Denmark,52,1064.2,0.0
1508,Luxembourg,1,86.8,63.0
1509,Luxembourg,2,94.6,87.0
1510,Luxembourg,3,87.4,90.0
1511,Luxembourg,4,89.2,87.0
1512,Luxembourg,5,97.2,88.0
1513,Luxembourg,6,97.0,90.0
1514,Luxembourg,7,97.2,69.0
1515,Luxembourg,8,90.4,85.0
1516,Luxembourg,9,87.6,74.0
1517,Luxembourg,10,102.0,91.0
1518,Luxembourg,11,81.6,91.0
1519,Luxembourg,12,86.0,89.0
1520,Luxembourg,13,86.2,112.0
1521,Luxembourg,14,83.6,90.0
1522,Luxembourg,15,71.6,116.0
1523,Luxembourg,16,79.0,89.0
1524,Luxembourg,17,74.2,84.0
1525,Luxembourg,18,71.8,69.0
1526,Luxembourg,19,70.4,89.0
1527,Luxembourg,20,71.4,77.0
1528,Luxembourg,21,76.4,78.0
1529,Luxembourg,22,69.2,79.0
1530,Luxembourg,23,73.8,73.0
1531,Luxembourg,24,74.6,69.0
1532,Luxembourg,25,66.6,78.0
1533,Luxembourg,26,68.8,68.0
1534,Luxembourg,27,75.2,71.0
1535,Luxembourg,28,80.4,73.0
1536,Luxembourg,29,72.2,72.0
1537,Luxembourg,30,74.8,71.0
1538,Luxembourg,31,75.0,89.0
1539,Luxembourg,32,74.6,94.0
1540,Luxembourg,33,74.0,100.0
1541,Luxembourg,34,67.2,74.0
1542,Luxembourg,35,76.0,61.0
1543,Luxembourg,36,76.0,0.0
1544,Luxembourg,37,73.8,0.0
1545,Luxembourg,38,67.4,0.0
1546,Luxembourg,39,80.8,0.0
1547,Luxembourg,40,77.2,0.0
1548,Luxembourg,41,84.8,0.0
1549,Luxembourg,42,74.8,0.0
1550,Luxembourg,43,74.4,0.0
1551,Luxembourg,44,85.2,0.0
1552,Luxembourg,45,83.0,0.0
1553,Luxembourg,46,79.2,0.0
1554,Luxembourg,47,85.0,0.0
1555,Luxembourg,48,74.2,0.0
1556,Luxembourg,49,78.6,0.0
1557,Luxembourg,50,82.8,0.0
1558,Luxembourg,51,83.8,0.0
1559,Luxembourg,52,84.2,0.0
1560,Belgium,1,2390.4,2226.0
1561,Belgium,2,2431.6,2380.0
1562,Belgium,3,2422.8,2306.0
1563,Belgium,4,2422.4,2197.0
1564,Belgium,5,2510.0,2355.0
1565,Belgium,6,2488.4,2162.0
1566,Belgium,7,2523.6,2302.0
1567,Belgium,8,2487.8,2293.0
1568,Belgium,9,2544.8,2236.0
1569,Belgium,10,2452.8,2212.0
1570,Belgium,11,2344.6,2223.0
1571,Belgium,12,2322.2,2547.0
1572,Belgium,13,2226.8,3185.0
1573,Belgium,14,2119.6,4019.0
1574,Belgium,15,2095.2,4282.0
1575,Belgium,16,2051.4,3699.0
1576,Belgium,17,2032.2,3031.0
1577,Belgium,18,2012.2,2410.0
1578,Belgium,19,2030.2,2380.0
1579,Belgium,20,1981.2,2038.0
1580,Belgium,21,1970.2,2070.0
1581,Belgium,22,1931.4,1973.0
1582,Belgium,23,1878.0,1790.0
1583,Belgium,24,1860.6,1891.0
1584,Belgium,25,1922.6,1810.0
1585,Belgium,26,1897.0,1956.0
1586,Belgium,27,2023.2,1762.0
1587,Belgium,28,1861.8,1673.0
1588,Belgium,29,1904.8,1837.0
1589,Belgium,30,1995.8,1799.0
1590,Belgium,31,1885.4,1934.0
1591,Belgium,32,1875.4,2025.0
1592,Belgium,33,1855.2,2863.0
1593,Belgium,34,1901.8,2184.0
1594,Belgium,35,1908.0,1860.0
1595,Belgium,36,1848.0,1867.0
1596,Belgium,37,1864.4,1790.0
1597,Belgium,38,1882.8,1949.0
1598,Belgium,39,1907.6,0.0
1599,Belgium,40,1969.0,0.0
1600,Belgium,41,2020.0,0.0
1601,Belgium,42,2005.0,0.0
1602,Belgium,43,1991.8,0.0
1603,Belgium,44,1983.4,0.0
1604,Belgium,45,2006.6,0.0
1605,Belgium,46,2044.0,0.0
1606,Belgium,47,2104.8,0.0
1607,Belgium,48,2104.2,0.0
1608,Belgium,49,2164.6,0.0
1609,Belgium,50,2221.0,0.0
1610,Belgium,51,2255.6,0.0
1611,Belgium,52,2240.4,0.0
1612,United Kingdom,1,13803.6,13608.0
1613,United Kingdom,2,15781.0,16018.0
1614,United Kingdom,3,14983.0,14723.0
1615,United Kingdom,4,14455.2,13426.0
1616,United Kingdom,5,13836.2,13123.0
1617,United Kingdom,6,13505.2,12532.0
1618,United Kingdom,7,13200.8,12416.0
1619,United Kingdom,8,13148.2,12299.0
1620,United Kingdom,9,12677.6,12333.0
1621,United Kingdom,10,13063.6,12412.0
1622,United Kingdom,11,12684.6,12539.0
1623,United Kingdom,12,12003.8,12113.0
1624,United Kingdom,13,11547.6,12508.0
1625,United Kingdom,14,11679.0,18565.0
1626,United Kingdom,15,11916.6,20929.0
1627,United Kingdom,16,11848.0,24691.0
1628,United Kingdom,17,11842.6,24303.0
1629,United Kingdom,18,11310.8,20059.0
1630,United Kingdom,19,10884.6,14428.0
1631,United Kingdom,20,11546.4,16390.0
1632,United Kingdom,21,11276.4,13839.0
1633,United Kingdom,22,9445.8,11268.0
1634,United Kingdom,23,11321.8,12106.0
1635,United Kingdom,24,10700.2,11302.0
1636,United Kingdom,25,10696.2,10694.0
1637,United Kingdom,26,10601.6,10282.0
1638,United Kingdom,27,10480.4,10412.0
1639,United Kingdom,28,10508.4,9941.0
1640,United Kingdom,29,10356.4,10096.0
1641,United Kingdom,30,10309.4,10159.0
1642,United Kingdom,31,10305.0,10262.0
1643,United Kingdom,32,10359.8,10236.0
1644,United Kingdom,33,10343.2,10592.0
1645,United Kingdom,34,10431.2,10990.0
1646,United Kingdom,35,9469.8,10364.0
1647,United Kingdom,36,10428.6,9023.0
1648,United Kingdom,37,10608.4,11189.0
1649,United Kingdom,38,10545.0,0.0
1650,United Kingdom,39,10706.4,0.0
1651,United Kingdom,40,10887.8,0.0
1652,United Kingdom,41,11184.4,0.0
1653,United Kingdom,42,11221.6,0.0
1654,United Kingdom,43,11092.2,0.0
1655,United Kingdom,44,11250.4,0.0
1656,United Kingdom,45,11725.4,0.0
1657,United Kingdom,46,11800.8,0.0
1658,United Kingdom,47,11817.0,0.0
1659,United Kingdom,48,11798.4,0.0
1660,United Kingdom,49,12154.8,0.0
1661,United Kingdom,50,12323.8,0.0
1662,United Kingdom,51,13155.6,0.0
1663,United Kingdom,52,9229.6,0.0
