State,Measure,t1,t2,t3,t4,t5,t6,t7,t8,t9,t10,t11,t12,t13,t14,t15,t16,t17,t18
Alabama,NBTcountry,5,5.285714286,4.875,4.875,4.333333333,5.333333333,5.5,5.5,5,,,,,,,6,5,4
All states,NBTcountry,5.562222222,5.481717011,5.396103896,5.268976898,5.373881932,5.340594059,5.294382022,5.405010438,5.340527578,5.250596659,5.178147268,5.25990099,5.289156627,5.102689487,5.105820106,5.15625,5.04494382,5.063768116
Arizona,NBTcountry,5.636363636,6.066666667,5.294117647,5.421052632,5.4375,5.6,5.285714286,5.125,5.428571429,5.142857143,4.777777778,5.666666667,5.076923077,4.666666667,4.857142857,5.333333333,5.071428571,4.25
Arkansas,NBTcountry,5.888888889,5.833333333,5.5,6.2,5.666666667,7,5.75,5.5,5.75,7,4.666666667,6,5.5,5.2,5.75,6,6,7
California,NBTcountry,5.536842105,5.27027027,5.385714286,5.261538462,5.253731343,5.25,5.283018868,5.236363636,5.12244898,4.941176471,5.045454545,5.02173913,5.02,4.604166667,4.717391304,4.966666667,4.707317073,4.857142857
Colorado,NBTcountry,6.076923077,6.2,6,5.555555556,5.6,5.7,5.75,5.857142857,5.75,5.875,5.6,6.111111111,6.125,5.222222222,5.5,6,6,5.888888889
Connecticut,NBTcountry,5.6,6,5.666666667,5,6,5.666666667,2,6,6,5.5,6,6,6,6,6,6,5,5
Delaware,NBTcountry,5.666666667,5,4,7,5,4,5.5,5.5,4,4.5,6,5,6.5,5.5,5,5,4,4
District of Columbia,NBTcountry,5.5,7,6,4.5,6,7,5,7,6,,6,6,7,4.5,4.5,7,,5.5
Florida,NBTcountry,5.352112676,5.288461538,5.351851852,5.125,5.224489796,5.023255814,5.075,5.275,5.236842105,5.078947368,5.025,5.257142857,5.307692308,4.944444444,5,5.192307692,4.884615385,5.064516129
Georgia,NBTcountry,5.512820513,5.625,5.75,5.578947368,5.8,5.722222222,5.666666667,5.705882353,5.5,5.352941176,5.111111111,5.333333333,5.684210526,5.055555556,5.294117647,5.615384615,5.733333333,5.692307692
Hawaii,NBTcountry,4.8,5.5,6,4.5,5,5.6,4.5,4.6,4.5,4.333333333,4.666666667,4.5,5.25,4.666666667,4.666666667,4,5,5.5
Idaho,NBTcountry,6,6.333333333,6.5,6,5.666666667,5,5.666666667,5.333333333,5.666666667,4.666666667,5.333333333,6,5,6,6,,7,6
Illinois,NBTcountry,5.137931034,5.086956522,5.272727273,4.954545455,4.857142857,5.238095238,4.769230769,5.235294118,5.571428571,5.0625,5.142857143,5.357142857,5.357142857,5.071428571,5.133333333,5.166666667,5.25,5.214285714
Indiana,NBTcountry,5.611111111,5.307692308,5.642857143,4.928571429,5.6,5.3,5.2,5.7,5.222222222,5.285714286,5.222222222,5.375,5.75,5.272727273,5.6,5.142857143,5.1,4.7
Iowa,NBTcountry,5.428571429,5.2,4.75,5,4.75,4.333333333,3,4.5,4.333333333,5.5,3.5,4,4.333333333,4,4.5,4,4,3
Kansas,NBTcountry,6,4.8,6,5.75,5,5,5.333333333,5,7,6,,,,,,,,
Kentucky,NBTcountry,6.428571429,5.916666667,5.692307692,5.636363636,6.090909091,5.363636364,5.875,6,5.285714286,6.111111111,5.625,5.888888889,5.666666667,6.111111111,6,5.714285714,6.142857143,5.857142857
Louisiana,NBTcountry,6,5.375,5.857142857,4.857142857,5.25,5.333333333,5.5,5.428571429,5.666666667,4.8,5.166666667,4.5,5,4.75,5,5,5.166666667,4.666666667
Maine,NBTcountry,5,,,,,,,,,4,,,,,,,,
Maryland,NBTcountry,5.4375,5.3,5.272727273,5.333333333,5.2,5.7,5.222222222,5.4,5.9,5.111111111,5.125,5,5.5,5.5,5.428571429,5,5.75,5.833333333
Massachusetts,NBTcountry,5.185185185,5.470588235,5.25,5.235294118,5.375,4.8,4.727272727,4.9375,5,4.916666667,4.8125,5.083333333,5.214285714,5.181818182,4.888888889,4.222222222,5,5.125
Michigan,NBTcountry,5.62962963,5.695652174,5.5,5.125,5.55,5.526315789,5.380952381,5.5,5.555555556,5.333333333,5.5,5.571428571,5.4375,5.666666667,5.529411765,5.461538462,5.916666667,5.266666667
Minnesota,NBTcountry,5.285714286,5.714285714,5.5,6.2,5,5,5,6,5,,5,6,3.5,4.5,6,,5,5
Mississippi,NBTcountry,5,4.666666667,5,5.5,4.25,3.333333333,5.5,4.25,4.666666667,4.666666667,5,5,4,4.5,5,4,5,4
Missouri,NBTcountry,5.083333333,5.272727273,5.555555556,4.8,5.857142857,5.666666667,5.5,5.166666667,5.5,5.333333333,5.285714286,5.4,5.5,5.285714286,5.8,5.25,5.142857143,5
Montana,NBTcountry,6,6,6,6,6,6,,6,6,6,6,,6,,,,,
Nebraska,NBTcountry,6.4,5.5,6.2,5.6,5.75,6,6.333333333,6.25,6,6,5.666666667,5.333333333,5.5,4,4,5,4,3.5
Nevada,NBTcountry,6.142857143,5.2,4.6,5,4.6,5,5.2,5,5.4,5.4,4.6,3.6,4.75,4.5,3.75,3.333333333,3.4,3.6
New Hampshire,NBTcountry,5,4.5,5.666666667,5,5.5,5,5.5,5.666666667,6,5,6.5,5,5.5,4,2.666666667,3.666666667,3.666666667,3.666666667
New Jersey,NBTcountry,5.64,5.590909091,5.55,5.526315789,5.526315789,5.230769231,5.7,5.8,5.454545455,5.416666667,5.333333333,5,5.727272727,5.6,5.153846154,5,4.909090909,5.272727273
New Mexico,NBTcountry,6.25,6,5.333333333,5.333333333,6,3.5,6,6.333333333,5,6.333333333,4.5,6,4,4.5,4.5,5,6,4.5
New York,NBTcountry,5.846938776,5.75,5.405405405,5.512820513,5.827586207,5.814814815,5.961538462,5.923076923,5.909090909,5.764705882,5.37037037,5.5,5.65,5.333333333,5.052631579,5.5,5.2,5.384615385
North Carolina,NBTcountry,5.363636364,5.15,4.818181818,4.826086957,4.631578947,4.235294118,4.368421053,4.944444444,4.666666667,4.842105263,4.684210526,4.6875,4.5,5,4.642857143,4.692307692,4.727272727,4.923076923
Ohio,NBTcountry,5.428571429,5.72,5.555555556,5.208333333,5.260869565,5.523809524,5.526315789,5.444444444,5,5.473684211,5.666666667,5.391304348,5.15,5.578947368,5.444444444,5,5.055555556,5.235294118
Oklahoma,NBTcountry,5.285714286,5.333333333,4.666666667,4.625,5.25,4.6,4.666666667,4.833333333,5,5.2,5,5.142857143,4.75,5.285714286,5,4.666666667,5.333333333,4.8
Oregon,NBTcountry,5.4,5.142857143,4.777777778,4.7,5.2,4.8,5.111111111,5,4.857142857,5,4.375,5,5.428571429,4.625,4.5,4.2,4.2,4.25
Pennsylvania,NBTcountry,5.484848485,5.714285714,5.62962963,5.583333333,5.407407407,5.695652174,5.789473684,5.772727273,5.588235294,5.384615385,5.333333333,5,5.25,5.066666667,5.230769231,5.454545455,5.384615385,5.333333333
Puerto Rico,NBTcountry,4,4,4,4,4,4,4,4,4,4,4,4,4,4,4,4,4,4
Rhode Island,NBTcountry,4,7,6.5,6,6,,5,5.5,,,6,5,,5.5,6,6,5.5,
South Carolina,NBTcountry,5.846153846,6.181818182,5.666666667,5.5,5.555555556,5.875,5.666666667,5.625,5.625,5.2,5.2,5.5,5.5,5.5,5,4.857142857,4.8,4.6
South Dakota,NBTcountry,7,,5,7,,7,,,,,,,,,,5,,
Tennessee,NBTcountry,5.5,5.75,6,5.636363636,6,5.25,5.666666667,6,6,6.2,5.5,5.375,6,5.8,6,6,4.375,5.428571429
Texas,NBTcountry,5.642857143,5.489795918,5.295454545,5.510638298,5.76744186,5.58974359,5.242424242,5.575757576,5.575757576,5.628571429,5.472222222,5.243243243,5.352941176,5.322580645,5.230769231,5.37037037,4.821428571,5.035714286
Utah,NBTcountry,6,5,6,5,5,6,4,5,,5,,5,5,4,,,5,5
Vermont,NBTcountry,5.666666667,6.333333333,5.5,4.5,4,3.5,5,3.5,6,4,5,5,4.5,5,4,,3,3
Virginia,NBTcountry,5.55,4.545454545,4.25,4.571428571,4.75,5.153846154,4.285714286,4.909090909,4.25,4.3,4.875,4.875,4.75,4.25,4.555555556,4.75,4.2,5.125
Washington,NBTcountry,5.730769231,5.294117647,4.894736842,5.058823529,5,5.411764706,4.916666667,5.153846154,5.166666667,5.25,5.090909091,5.6,5.222222222,5.307692308,5.111111111,5.142857143,4.833333333,5.444444444
West Virginia,NBTcountry,6.25,5.25,6.25,5.25,5.333333333,6,5,5,5.333333333,5.333333333,5,5,5,4.333333333,5,5.5,6.333333333,5
Wisconsin,NBTcountry,5.533333333,5.636363636,6,5.636363636,5.846153846,6.111111111,5.888888889,6,5.285714286,5.444444444,5.6,6.333333333,6.25,6,6.571428571,6.166666667,5.833333333,6
Alabama,NBTneigh,5.333333333,5.714285714,4.625,5.25,6.666666667,5.666666667,6,5.5,6,,,,,,,6,5,5
All states,NBTneigh,5.730512249,5.668253968,5.527687296,5.442244224,5.533094812,5.533730159,5.496629213,5.532359081,5.538461538,5.369928401,5.435714286,5.522277228,5.489156627,5.30806846,5.335978836,5.429467085,5.300561798,5.325581395
Arizona,NBTneigh,6,6.066666667,5.705882353,5.789473684,5.625,5.8,5.428571429,5.3125,5.857142857,5.357142857,5.111111111,5.916666667,5.153846154,5.5,5.928571429,5.916666667,5.5,5.333333333
Arkansas,NBTneigh,6.555555556,6.166666667,6.25,6,6,6,6.25,6.25,6.5,6,7,7,5.75,5.4,5.5,6.333333333,6,7
California,NBTneigh,5.8,5.527027027,5.471428571,5.323076923,5.507462687,5.433333333,5.358490566,5.490909091,5.285714286,5.058823529,5.454545455,5.347826087,5.24,4.833333333,4.891304348,5.366666667,5,5.261904762
Colorado,NBTneigh,5.846153846,6,6,6.111111111,6,6.1,6,6,6.125,5.75,6,6.333333333,6.375,5.666666667,5.6,6.285714286,6.555555556,6.111111111
Connecticut,NBTneigh,5.6,6.5,6,5.5,6,5.333333333,6,6,6,5.5,6,6,6,6,6,6,6,6
Delaware,NBTneigh,5.333333333,5,4,7,4.5,4,5.5,4,6,4.5,4.5,5,6.5,5,4,5,4,4
District of Columbia,NBTneigh,5.5,7,6,6,7,7,6,7,7,,6,6,7,5.5,5.5,7,,6
Florida,NBTneigh,5.647887324,5.480769231,5.320754717,5.333333333,5.346938776,5.348837209,5.4,5.35,5.324324324,5.131578947,5.325,5.428571429,5.358974359,5.25,5.151515152,5.153846154,5.192307692,4.935483871
Georgia,NBTneigh,5.710526316,5.625,5.65,5.45,5.85,5.611111111,5.666666667,5.705882353,5.6875,5.588235294,5,5.5,5.842105263,5.222222222,5.588235294,5.615384615,5.733333333,5.846153846
Hawaii,NBTneigh,5.6,5.75,6.4,5,5.75,6.2,5.75,6,5.5,6,5.666666667,6,5.25,5.333333333,5.666666667,6,5.666666667,6
Idaho,NBTneigh,6,6.333333333,6,5,6,5.5,6,5.333333333,6,5,5.333333333,6.333333333,5,6,6,,7,7
Illinois,NBTneigh,5.344827586,5.458333333,5.454545455,5.285714286,5.238095238,5.238095238,4.846153846,5.470588235,5.5,5.1875,5.357142857,5.714285714,5.5,5.285714286,5.533333333,5.333333333,5.583333333,5.5
Indiana,NBTneigh,5.555555556,5.615384615,5.428571429,5.285714286,5.6,5.5,5.3,5.9,5.444444444,5.285714286,5.666666667,5.5,5.5,5.363636364,5.6,5.428571429,5.4,5.3
Iowa,NBTneigh,5.142857143,5.4,5.25,5,5,4.333333333,4,4.5,4.333333333,5.5,4,4,4.333333333,3.666666667,4.5,4,4,3
Kansas,NBTneigh,6,5.6,5,5.75,5,6,5.333333333,5,7,7,,,,,,,,
Kentucky,NBTneigh,6.142857143,6.166666667,5.692307692,5.545454545,6.090909091,5.454545455,5.875,5.444444444,6,6,5.75,6.111111111,5.888888889,6.444444444,6.142857143,6,6.285714286,6.142857143
Louisiana,NBTneigh,5.75,5.625,6.142857143,5.714285714,5.625,6.166666667,5.833333333,6,6,5.2,5.666666667,5,6.4,5.25,5.25,5,5.833333333,5
Maine,NBTneigh,5,,,,,,,,,4,,,,,,,,
Maryland,NBTneigh,5.9375,5.7,5.363636364,5.5,6.2,5.4,5.666666667,5.6,6.2,5.444444444,5.625,5.222222222,5.5,5.8,5.857142857,5.666666667,5.875,6.166666667
Massachusetts,NBTneigh,5.481481481,5.529411765,5.3,5.294117647,5.375,5.066666667,4.909090909,5.3125,4.833333333,5.25,4.9375,5.166666667,5.285714286,5.454545455,5.222222222,5,5.5,5.125
Michigan,NBTneigh,5.851851852,5.652173913,5.695652174,5.25,5.5,5.789473684,5.666666667,5.5,5.888888889,5.666666667,5.857142857,5.428571429,5.6875,5.777777778,5.764705882,5.923076923,6.166666667,5.533333333
Minnesota,NBTneigh,5.571428571,5,5.5,5.8,5.333333333,5,5,6,6,,5,6.5,5.5,5,6,,6,5.5
Mississippi,NBTneigh,4.8,5,5.666666667,3.75,4.5,4.666666667,4.75,4.25,5,4.666666667,5.75,5,5,4.5,5,4,5,4
Missouri,NBTneigh,5.666666667,5.727272727,5.888888889,5.2,5.714285714,6,6.166666667,5.333333333,6.166666667,5.5,6,6,6.25,5.428571429,5.8,5.75,5.285714286,5.6
Montana,NBTneigh,6,6,6,6,6,6,,6,6,6,6,,6,,,,,
Nebraska,NBTneigh,6,5.75,6.2,5.8,5.75,5.5,5.666666667,5.75,5.333333333,5.75,4.666666667,5.333333333,5.75,3,4,5.333333333,4.5,5
Nevada,NBTneigh,5.857142857,5.2,5.2,4.833333333,5.4,4.833333333,5.8,5.333333333,5.6,5.6,5.6,4.4,5.25,5.25,3.75,5.333333333,4,4
New Hampshire,NBTneigh,5,5.333333333,5.333333333,5.333333333,5.5,5.333333333,4.5,5.333333333,5.5,4,5.5,5,5.25,3,3,3.666666667,4.333333333,3.666666667
New Jersey,NBTneigh,5.76,5.909090909,5.75,5.578947368,5.473684211,5.461538462,5.8,5.666666667,5.727272727,5.833333333,5.444444444,5.125,5.818181818,5.8,5.230769231,5.1,5.545454545,5.636363636
New Mexico,NBTneigh,6.25,6,6,5.666666667,5.666666667,5,6,6.333333333,5,6.666666667,5.5,5.5,4.5,5,5.5,5,6,5
New York,NBTneigh,5.886597938,6,5.702702703,5.641025641,5.827586207,5.703703704,5.961538462,5.884615385,5.863636364,5.941176471,5.592592593,5.916666667,5.8,5.555555556,5.421052632,5.75,5.333333333,5.538461538
North Carolina,NBTneigh,5.424242424,5.45,5,5.086956522,4.842105263,4.647058824,4.578947368,4.777777778,4.833333333,4.736842105,4.833333333,4.875,4.714285714,5.133333333,4.785714286,5.076923077,4.727272727,5.076923077
Ohio,NBTneigh,5.75,5.92,5.62962963,5.458333333,5.347826087,5.904761905,5.736842105,5.777777778,5.5,5.526315789,5.666666667,5.782608696,5.65,5.631578947,5.722222222,5.5625,5.222222222,5.529411765
Oklahoma,NBTneigh,5.428571429,5.444444444,4.888888889,4.875,5,4.4,5.166666667,4.666666667,4.666666667,4.2,5.142857143,4.714285714,4.375,5,4.4,4.333333333,4.5,5
Oregon,NBTneigh,5.466666667,4.928571429,5.111111111,5.1,5.4,5.4,5.111111111,5,4.857142857,4.888888889,5,5,5.142857143,4.5,4.5,4.8,4.6,4.75
Pennsylvania,NBTneigh,5.333333333,5.964285714,5.925925926,5.833333333,5.444444444,5.826086957,5.736842105,5.954545455,5.764705882,5.769230769,5.6,5.363636364,5.75,5.333333333,5.769230769,5.4,5.615384615,5.333333333
Puerto Rico,NBTneigh,4,4,4,4,4,4,4,4,4,4,2,4,4,4,4,4,4,4
Rhode Island,NBTneigh,5.5,6,6,6,5,,4,5.5,,,5.5,6,,6.5,6,7,6,
South Carolina,NBTneigh,5.615384615,6.545454545,5.444444444,5.9,5.666666667,6.142857143,6,5.75,5.875,5.4,5.2,5.833333333,5.333333333,5.833333333,4.833333333,5.285714286,4.8,4.8
South Dakota,NBTneigh,7,,5,7,,6,,,,,,,,,,5,,
Tennessee,NBTneigh,5.625,6.25,5.916666667,6.090909091,5.7,5.75,5.888888889,6.222222222,6.166666667,6,6.166666667,5.875,6.428571429,6,6.5,6.142857143,5,6.142857143
Texas,NBTneigh,5.884057971,5.583333333,5.431818182,5.489361702,5.720930233,5.717948718,5.515151515,5.696969697,5.575757576,5.6,5.527777778,5.405405405,5.558823529,5.290322581,5.307692308,5.148148148,4.928571429,5
Utah,NBTneigh,5,7,6,6,6,6,6,6,,6,,6,6,5,,,5,6
Vermont,NBTneigh,6,6.333333333,6,4.5,4,4.5,3.5,4,6,4,5.5,5,5,5,4,,3.5,3.5
Virginia,NBTneigh,5.9,4.909090909,4.416666667,4.857142857,5.333333333,5.461538462,5,5.090909091,4.75,4.8,5.5,5.375,5.125,4.75,5,5.5,4.3,5.375
Washington,NBTneigh,6.038461538,5.352941176,5.421052632,5.470588235,5.529411765,5.588235294,5.666666667,5.538461538,5.583333333,5.166666667,5.363636364,5.9,5.222222222,5.538461538,5.222222222,5.142857143,5.166666667,5.555555556
West Virginia,NBTneigh,6.75,5,6.25,6,6.333333333,6.5,5,5.666666667,5.666666667,6,5.333333333,6.333333333,5.333333333,5,5.5,6,6.666666667,5
Wisconsin,NBTneigh,5.8,5.818181818,6.083333333,5.909090909,5.846153846,6.222222222,6,5.875,5.714285714,6,5.6,6.5,6.25,6,6.571428571,6.333333333,6,6
Alabama,PerceptionRisk,3.333333333,4.142857143,3.75,3.5,2.666666667,3.333333333,2,2.5,3,,,,,,,2.5,3,3
All states,PerceptionRisk,3.633408072,3.856687898,3.675986842,3.787021631,3.837545126,3.411646586,3.214611872,2.995789474,2.791262136,2.789855072,3.178743961,3.3425,3.229828851,3.613466334,3.630853994,3.675585284,3.743902439,3.818770227
Arizona,PerceptionRisk,3.181818182,3.666666667,3.294117647,3.157894737,3.8125,3.066666667,3,2.375,2.142857143,2.384615385,2.333333333,2.5,2.615384615,2.75,2.538461538,2.272727273,3,3.222222222
Arkansas,PerceptionRisk,3.888888889,4,2.25,3,2.333333333,2,2.5,2.25,2,1.666666667,2.666666667,1.333333333,1.75,2.6,1.666666667,1.5,1.5,2
California,PerceptionRisk,3.484210526,3.594594595,3.536231884,3.523076923,3.636363636,3.466666667,3.132075472,3.185185185,2.897959184,3,3.23255814,3.065217391,3.183673469,3.446808511,3.4,3.7,3.692307692,3.55
Colorado,PerceptionRisk,3.692307692,3.3,3.8,4,4,3.555555556,3.25,3,2.428571429,2.5,3,3.444444444,2.571428571,4.111111111,3.222222222,3,3.333333333,3.666666667
Connecticut,PerceptionRisk,4,5.5,4.333333333,4,4,3.666666667,5,5,3,3.5,5,5,5,5,3,3,3,5
Delaware,PerceptionRisk,3.333333333,4,5,4,5.5,4,5,7,5,2.5,4,4,4,6,3,6,4,
District of Columbia,PerceptionRisk,4.5,6,5,5.5,6,6,4,5,6,,5,6,6,5.5,5,6,,7
Florida,PerceptionRisk,3.52173913,3.634615385,3.333333333,3.583333333,3.571428571,3.23255814,3.125,2.475,2.421052632,2.648648649,2.925,2.857142857,3.230769231,3.111111111,3.125,3.307692308,3.5,3.724137931
Georgia,PerceptionRisk,3.894736842,4.5,4,4.052631579,3.8,3.625,3.785714286,3.647058824,3.2,3.882352941,4.058823529,3.764705882,3.526315789,3.823529412,3.882352941,4.307692308,4.066666667,4
Hawaii,PerceptionRisk,3.4,3,3,3,3,3,2,2.4,2.5,2.333333333,3.666666667,5.5,2.25,4,4.333333333,4.666666667,5.333333333,6
Idaho,PerceptionRisk,3.25,4.666666667,5,4.666666667,4.333333333,4.5,3,2.666666667,2,1.666666667,2.666666667,3,2,3,4,,2,4
Illinois,PerceptionRisk,3.793103448,4,3.761904762,4.047619048,4.05,4.142857143,3.846153846,3.411764706,3.428571429,3.1875,3.714285714,3.428571429,3.285714286,3.928571429,4.285714286,3.8,4.272727273,4.230769231
Indiana,PerceptionRisk,3.411764706,3.153846154,3.285714286,3.214285714,3.3,2.9,2.444444444,2.3,2.444444444,2.142857143,2.444444444,2.5,3.25,3.363636364,3.2,3,3.1,3.2
Iowa,PerceptionRisk,4.857142857,5.8,5.5,5.6,5.333333333,4.333333333,,4.5,3.666666667,1,3,3,3,4.5,4,,,
Kansas,PerceptionRisk,4.2,4.8,3,4.75,3.333333333,3,2.333333333,3.5,1,3,,,,,,,,
Kentucky,PerceptionRisk,4,4,3.384615385,3.8,4,3.909090909,3.75,4,2.857142857,3.444444444,3.5,3.555555556,3.666666667,4,4.428571429,4.285714286,4.857142857,4.142857143
Louisiana,PerceptionRisk,2.75,3.625,3.428571429,3.571428571,4.375,3.666666667,3.166666667,3.285714286,3.166666667,3.4,4,3.333333333,3.8,3.75,3,3.5,3.833333333,4.333333333
Maine,PerceptionRisk,3.5,,,,,,,,,2,,,,,,,,
Maryland,PerceptionRisk,4.125,3.7,3.818181818,4,3.8,3.5,3.444444444,2.8,2.4,2.111111111,2.625,3.222222222,2.875,3.6,3,3.428571429,3.5,3
Massachusetts,PerceptionRisk,4.269230769,4.294117647,4.3,4.470588235,4.4375,3.933333333,3.090909091,3.375,2.916666667,3.166666667,3.625,4.166666667,3.928571429,4.727272727,4.333333333,4.555555556,4.666666667,4.5
Michigan,PerceptionRisk,3.777777778,4.173913043,3.875,3.916666667,4,3.736842105,3.428571429,2.888888889,3,2.6,3,3.357142857,2.933333333,3.411764706,4.058823529,3.846153846,4.3,4.214285714
Minnesota,PerceptionRisk,3.571428571,4.428571429,3.75,3.6,5,2.5,5,7,4,,4,4.5,3,5.5,4,,5,6
Mississippi,PerceptionRisk,3.6,4,3.666666667,3.25,3.5,3.333333333,3.25,3.25,2.333333333,3,2.75,2.5,4,2.5,3,4,3.5,3.666666667
Missouri,PerceptionRisk,2.833333333,3,2.777777778,3.1,4.285714286,2.5,2,1.833333333,1.833333333,1.5,1.857142857,2,2,3,2.4,2.333333333,2.428571429,2.5
Montana,PerceptionRisk,2,2,2,2,2,2,,2,2,2,2,,2,,,,,
Nebraska,PerceptionRisk,3.5,4,3.8,3.4,3.5,3.75,4,3.25,4,2.25,3,3,3,5.5,4,3.333333333,3,4.5
Nevada,PerceptionRisk,4.142857143,3.8,4,4,4.6,4,3.8,3.666666667,4,3.6,3.8,3.4,3.75,4,3.75,2.666666667,3.8,3.4
New Hampshire,PerceptionRisk,3.75,5.666666667,4.666666667,4.5,4,3.333333333,4.5,3.333333333,4,2.5,3,3,4.25,4.666666667,5.333333333,3,3,2.5
New Jersey,PerceptionRisk,4,4.272727273,4.2,4.368421053,4.052631579,4.153846154,3.8,3.2,3.636363636,2.75,3.333333333,3.25,3.727272727,4,4.307692308,4.555555556,4.3,4.125
New Mexico,PerceptionRisk,3.25,2,3.333333333,3,2.666666667,3.5,2.333333333,3.333333333,2.5,2.666666667,3.5,3,2,2.5,5,3.5,2.5,4.5
New York,PerceptionRisk,3.463917526,3.875,3.540540541,3.769230769,3.862068966,2.888888889,3.153846154,2.653846154,2.454545455,2.882352941,3.037037037,3.416666667,3.631578947,3.823529412,3.631578947,3.733333333,3.785714286,5.083333333
North Carolina,PerceptionRisk,3.53125,4.05,3.818181818,3.565217391,4.105263158,3.4375,3.111111111,3.058823529,2.764705882,2.722222222,3.052631579,3.866666667,3.928571429,3.866666667,3.846153846,3.636363636,3.454545455,3.461538462
Ohio,PerceptionRisk,3.944444444,4.32,3.851851852,4.458333333,4.130434783,4.047619048,3.421052632,3.277777778,2.875,3,3.19047619,3.869565217,3.5,4.055555556,4.055555556,3.6,3.133333333,3.875
Oklahoma,PerceptionRisk,3.357142857,3.111111111,3.111111111,3.125,3.25,3,2.833333333,2.5,3,2.4,2.857142857,3.285714286,2.75,3.428571429,3,3.2,2.8,3.5
Oregon,PerceptionRisk,2.866666667,2.785714286,2.5,3.1,3,2.2,2.777777778,2.444444444,1.571428571,1.888888889,2.75,2.333333333,1.857142857,2.875,3,2.4,2,2.25
Pennsylvania,PerceptionRisk,3.71875,3.964285714,4,4.130434783,3.666666667,3.409090909,3.578947368,3.045454545,2.882352941,2.846153846,3.4,3.363636364,3.166666667,3.571428571,3.75,3.7,4,3
Puerto Rico,PerceptionRisk,2,2,2,2,2,2,2,2,2,2,2,2,2,2,,,,
Rhode Island,PerceptionRisk,5,4.5,4.5,5.5,6,,4,3,,,4.5,4.5,,3.5,5,5,4,
South Carolina,PerceptionRisk,4,3.909090909,3.555555556,3.8,4.333333333,3.75,2.833333333,3,2.875,2.8,2.6,3.333333333,3.166666667,3.333333333,4,4.142857143,3.6,4
South Dakota,PerceptionRisk,5,,5,5,,4,,,,,,,,,,5,,
Tennessee,PerceptionRisk,3.375,3.666666667,3.75,3.818181818,4.2,3.125,2.777777778,3.111111111,3.666666667,3.2,3.5,3.625,3.142857143,3,3.333333333,3.571428571,3.857142857,4.428571429
Texas,PerceptionRisk,3.7,3.571428571,4.023255814,3.760869565,3.930232558,3.368421053,3.28125,3.03125,2.96875,2.852941176,3.352941176,3.722222222,3.333333333,3.566666667,3.84,4.217391304,4.230769231,4.130434783
Utah,PerceptionRisk,2,3,3,4,4,2,2,2,,2,,3,3,3,,,7,5
Vermont,PerceptionRisk,5,4.333333333,4.5,4.5,4,4,4,3.5,2,3.5,4,3,4.5,5.5,3,,5,5
Virginia,PerceptionRisk,4.1,5.1,4.545454545,4.428571429,4.272727273,3.692307692,4,2.909090909,2.25,3.1,3.125,3.5,3.125,3.875,3.875,3.5,4.428571429,3
Washington,PerceptionRisk,3.269230769,3.5625,3.368421053,3.411764706,3.529411765,2.8125,3.083333333,2.769230769,2.583333333,2.583333333,3.3,3,2.777777778,3.461538462,3.75,4.714285714,4.4,4.125
West Virginia,PerceptionRisk,3.75,4.75,4,4.5,4.666666667,4,3.5,4,4.333333333,3.666666667,4,4.333333333,4.333333333,4,5.5,6,5.666666667,5
Wisconsin,PerceptionRisk,3.266666667,3.363636364,2.916666667,3.363636364,3.307692308,2,2.333333333,2.375,2.142857143,1.888888889,2.4,3.5,2.25,2.833333333,3.285714286,3.166666667,2.666666667,2.5
Alabama,PFIcountry1,5.555555556,5.285714286,5,4.75,4.333333333,5,5.5,4.75,6,,,,,,,4.5,5,5
All states,PFIcountry1,5.500554939,5.497615262,5.379478827,5.366336634,5.475763016,5.395209581,5.376975169,5.383647799,5.405275779,5.369304556,5.426190476,5.444168734,5.491566265,5.503667482,5.476190476,5.48125,5.387640449,5.418604651
Arizona,PFIcountry1,5.5,5.333333333,5.647058824,5.631578947,5.8125,5.733333333,5.615384615,5.25,5.428571429,5.642857143,5.555555556,5.083333333,5.615384615,5.75,5.714285714,5.916666667,5.785714286,5.333333333
Arkansas,PFIcountry1,6,5.833333333,5,6,6,6.333333333,6,5.75,5.75,6,6,6,6,6.2,4.25,6,6.666666667,6.5
California,PFIcountry1,5.677083333,5.364864865,5.471428571,5.230769231,5.223880597,5.084745763,5.471698113,5.462962963,5.673469388,5.117647059,5.325581395,5.282608696,5.34,5.291666667,5.5,5.466666667,5.243902439,5.476190476
Colorado,PFIcountry1,5.923076923,5.7,5.7,5.888888889,5.8,6.2,6.125,5.857142857,6,6.375,5.8,5.888888889,5.75,6.222222222,6,6.285714286,5.333333333,5.888888889
Connecticut,PFIcountry1,5.2,5.5,4.333333333,6,5.5,4.666666667,5,6,5,3.5,5,5,5,5,5,5,5,5
Delaware,PFIcountry1,5.666666667,4,5,4,4.5,5,6,5,4,5,3.5,4,5,4,4,4,5,3
District of Columbia,PFIcountry1,4.5,7,5,4.5,7,7,4.5,7,7,,7,7,7,4.5,5,7,,5
Florida,PFIcountry1,5.450704225,5.596153846,5.425925926,5.354166667,5.653061224,5.404761905,5.35,5.225,5.315789474,5.184210526,5.3,5.314285714,5.58974359,5.527777778,5.424242424,5.423076923,5.307692308,5.1
Georgia,PFIcountry1,5.846153846,6,6.05,5.8,6.1,6.055555556,6.2,5.882352941,6.1875,6.117647059,6.277777778,5.944444444,5.894736842,6.333333333,6.117647059,6.538461538,6.333333333,6.538461538
Hawaii,PFIcountry1,4.8,5.25,4,4.5,4.5,4.6,5,5.2,5,5.666666667,3.666666667,5,4.25,4.333333333,4.666666667,4.333333333,3,3.5
Idaho,PFIcountry1,6.5,5.666666667,6.5,6.333333333,6,5.5,6.333333333,5,6,4.333333333,6,6,6,7,7,,6,7
Illinois,PFIcountry1,4.931034483,5.208333333,5.045454545,4.909090909,5,5.095238095,4.846153846,4.705882353,5,5.125,5.285714286,5.285714286,4.928571429,4.928571429,5.066666667,5.166666667,4.583333333,4.785714286
Indiana,PFIcountry1,5.555555556,5.615384615,5.428571429,5.285714286,5.4,5.1,5.4,5.7,5.777777778,5.142857143,5.777777778,5.875,5.875,5.818181818,5.9,5.714285714,5.3,5.9
Iowa,PFIcountry1,5.857142857,5.4,5.75,5.4,4.75,5,3,3.5,5.333333333,3.5,4,3,4.333333333,4,3,3,2,4
Kansas,PFIcountry1,5.8,5.8,6,5.75,6.666666667,6.5,6,6,7,6,,,,,,,,
Kentucky,PFIcountry1,5.538461538,5.75,5.230769231,5.454545455,5.363636364,5.4,4.75,5.555555556,4.714285714,5.222222222,5.25,5.222222222,5.333333333,4.888888889,5.714285714,5.285714286,5.571428571,5.428571429
Louisiana,PFIcountry1,5.25,5,5.428571429,4.857142857,4.714285714,5.333333333,4.833333333,5.571428571,5.333333333,4.8,4.833333333,4.666666667,5,5.5,5.5,5,5.166666667,4.333333333
Maine,PFIcountry1,4.5,,,,,,,,,6,,,,,,,,
Maryland,PFIcountry1,5.6875,4.7,5.636363636,4.75,5.4,4.7,5.222222222,5.1,5.1,4.888888889,5.25,5.666666667,5.25,5.4,5.142857143,4.777777778,5,5.333333333
Massachusetts,PFIcountry1,5.037037037,5.470588235,5.1,5.588235294,5.1875,5.4,5,5.375,5,5.583333333,5.5,5.416666667,5.857142857,5.727272727,5.222222222,5.444444444,5.333333333,5.5
Michigan,PFIcountry1,5.592592593,5.52173913,5.75,5.583333333,5.75,5.789473684,5.666666667,5.277777778,5.555555556,5.8,5.714285714,5.571428571,5.3125,5.5,5.117647059,5.615384615,5.75,5.666666667
Minnesota,PFIcountry1,5.285714286,6,5.25,5.6,5.666666667,5,5,5,5,,4,4.5,5.5,6,4.5,,3,4.5
Mississippi,PFIcountry1,4.6,4,5,4.75,5,4.333333333,3.75,4.25,4.333333333,5,5,5,5,5,4.5,4.5,5.5,5
Missouri,PFIcountry1,4.916666667,5.272727273,5.222222222,4.5,5.571428571,5.333333333,5.166666667,5.666666667,5.666666667,5.666666667,5.857142857,5.6,5.625,5.285714286,5.8,5.25,5.428571429,5.6
Montana,PFIcountry1,5,5,5,5,5,5,,5,5,5,5,,5,,,,,
Nebraska,PFIcountry1,5.2,6,5.8,5.5,6.25,5,5.666666667,5.75,5.666666667,5.5,6,5.333333333,6,5,5,5.666666667,5,5.5
Nevada,PFIcountry1,5.714285714,5.6,5.6,5.666666667,6.4,6,6.4,6,6.2,6,5.8,5.6,5.75,5.5,5.25,6.666666667,5.4,5
New Hampshire,PFIcountry1,5.75,6,5.666666667,6,6,6,6.5,4.666666667,6.5,6.5,6,5.5,6.25,6.333333333,6,5.666666667,5.666666667,6
New Jersey,PFIcountry1,6,6,6.1,6.052631579,6.052631579,6,6.222222222,6.2,5.909090909,6.083333333,5.666666667,5.875,5.909090909,6.1,6.230769231,6,5.909090909,6.090909091
New Mexico,PFIcountry1,6.25,7,4.333333333,4.666666667,5.333333333,5,6,5,4.5,5,6,5.5,5.5,5,5.5,5.5,6,6
New York,PFIcountry1,5.857142857,5.9,5.486486486,5.871794872,5.586206897,5.555555556,5.692307692,6,5.772727273,5.882352941,5.555555556,5.791666667,6,6.111111111,6.263157895,6.375,6.2,6.076923077
North Carolina,PFIcountry1,5.303030303,5.55,5.047619048,5.173913043,4.894736842,5.176470588,5.157894737,4.888888889,4.833333333,5.157894737,5.368421053,5.333333333,5.285714286,5.133333333,5.5,5.076923077,4.727272727,5.153846154
Ohio,PFIcountry1,5.5,5.791666667,5.346153846,5.208333333,5.565217391,5.285714286,5.526315789,5.666666667,5.3125,5.388888889,5.380952381,5.434782609,5.65,5.842105263,5.777777778,5.625,5.611111111,5.705882353
Oklahoma,PFIcountry1,5,5.222222222,4.777777778,4.75,5.5,5,4.333333333,4.5,5,5.4,5.571428571,5.428571429,5.125,5.571428571,4.6,4.833333333,5.666666667,5
Oregon,PFIcountry1,5.2,5.071428571,5.222222222,5,5.2,5,4.777777778,5,5,5,5.375,5.5,5.857142857,5.25,5.166666667,5.6,5,5.5
Pennsylvania,PFIcountry1,5.606060606,5.555555556,5.37037037,5.25,5.481481481,5.782608696,5.631578947,5.545454545,5,5.307692308,5.333333333,5.272727273,4.916666667,5.4,5.230769231,5.909090909,5.769230769,5.666666667
Puerto Rico,PFIcountry1,1,1,2,2,1,1,2,2,2,1,2,2,2,2,2,2,2,1
Rhode Island,PFIcountry1,5.5,5,5,5.5,5,,5,5.5,,,5.5,6,,5,5,6,6,
South Carolina,PFIcountry1,5.076923077,5.636363636,5.333333333,4.9,5.777777778,5.625,5.666666667,6.125,5.625,5,5.4,5.333333333,5.166666667,5,5.333333333,5,4.8,5.4
South Dakota,PFIcountry1,7,,7,6,,5,,,,,,,,,,5,,
Tennessee,PFIcountry1,5.75,5.916666667,6,5.909090909,5.6,5.125,5.333333333,5.666666667,6.333333333,6,6,6.5,5.571428571,5,5.5,5.142857143,5.375,5.285714286
Texas,PFIcountry1,5.485714286,5.469387755,5.340909091,5.659574468,5.651162791,5.58974359,5.363636364,5.272727273,5.303030303,5.558823529,5.361111111,5.540540541,5.470588235,5.419354839,5.346153846,5.222222222,5.392857143,5.285714286
Utah,PFIcountry1,6,5,6,5,5,5,5,5,,6,,5,6,5,,,6,6
Vermont,PFIcountry1,6,6,5.5,5,5,5,5.5,5.5,5,5,5.5,6,6,6,5,,6,5
Virginia,PFIcountry1,4.85,4.636363636,4,4.785714286,5.333333333,4.769230769,4.142857143,4.909090909,5.5,5,5.375,5.125,5.125,5,5.333333333,5.125,5.1,5.125
Washington,PFIcountry1,4.807692308,4.941176471,4.947368421,5.117647059,5,5.352941176,4.5,4.769230769,4.666666667,4.583333333,4.545454545,5.1,5.333333333,5.615384615,4.777777778,4.571428571,4.166666667,4.555555556
West Virginia,PFIcountry1,6.25,6,5.25,5.5,6.333333333,6,5.5,5,5.666666667,5.666666667,5,5.666666667,6,5.333333333,5.5,4.5,6,5.333333333
Wisconsin,PFIcountry1,5.2,4.818181818,5.666666667,5.454545455,5.461538462,5.666666667,5.222222222,5.625,4.857142857,5.555555556,5.8,5,5.5,6.166666667,5.857142857,5.666666667,5.166666667,5.666666667
Alabama,PFIcountry6,3.888888889,3.285714286,3.5,2.75,3.666666667,4,3,4,4,,,,,,,2,3,4
All states,PFIcountry6,4.34,4.27388535,4.200980392,4.25785124,4.283662478,4.206759443,4.334085779,4.277661795,4.247002398,4.205741627,4.235154394,4.188585608,4.186440678,4.200488998,4.252659574,4.26875,4.112676056,4.260869565
Arizona,PFIcountry6,4.318181818,4.466666667,3.764705882,4.210526316,4.4375,4.466666667,5,4.1875,4,4.357142857,4.111111111,4.25,4.153846154,4.416666667,4.571428571,4.75,4.714285714,4.25
Arkansas,PFIcountry6,4.666666667,4,4.75,5.4,5.666666667,5.333333333,4.75,5.5,3.5,4.666666667,5.333333333,6,5.5,4.8,5.75,5,6,5
California,PFIcountry6,4.447916667,4.459459459,4.391304348,4.430769231,4.388059701,4.066666667,4.622641509,4.345454545,4.591836735,3.941176471,4.340909091,4.173913043,4.12,4.208333333,3.913043478,4.133333333,4.375,4.357142857
Colorado,PFIcountry6,5.153846154,4.6,4.8,4.666666667,5.1,5,5.375,5.142857143,5.375,5.5,4.9,5,5,5,4.7,4.857142857,4.333333333,4.333333333
Connecticut,PFIcountry6,4.2,4,3,4.5,4.5,4,3,3,3,3.5,5,5,3,3,3,5,5,3
Delaware,PFIcountry6,3.666666667,1,2,1,3,4,4.5,3,2,3,1.5,2,2.5,3.5,2,2,2,2
District of Columbia,PFIcountry6,4,7,5,4,6,7,5,6,7,,7,7,6,4,4,6,,3.5
Florida,PFIcountry6,4.394366197,4.431372549,3.981132075,4.25,4.12244898,4.238095238,4.15,4.025,4.315789474,4.210526316,4.1,4.085714286,4.289473684,3.861111111,3.935483871,4.230769231,3.538461538,3.870967742
Georgia,PFIcountry6,4.384615385,4.541666667,4.65,4.75,5,5.222222222,5.266666667,5.058823529,4.8125,5.058823529,5.388888889,4.555555556,5.052631579,5.333333333,4.941176471,5.307692308,5.2,5
Hawaii,PFIcountry6,3.6,3,3.4,2.75,4,2.6,3.75,3.4,3.5,3,3.333333333,2.5,2.5,2.666666667,3.333333333,3,1.666666667,1.5
Idaho,PFIcountry6,5.5,4.666666667,5.5,4.333333333,3.5,4.5,3.666666667,3.666666667,4.333333333,3.666666667,4.333333333,4.666666667,4,7,6,,5,7
Illinois,PFIcountry6,4,3.791666667,4.181818182,3.954545455,3.952380952,3.904761905,4.230769231,3.705882353,3.785714286,3.9375,4.071428571,3.928571429,4.214285714,3.5,3.666666667,3.666666667,3,3.428571429
Indiana,PFIcountry6,4.055555556,4.307692308,4.071428571,4.071428571,4.7,3.6,3.2,4.6,4.333333333,4,4.222222222,4,4.5,4.090909091,4.8,4.142857143,3.6,3.8
Iowa,PFIcountry6,4.428571429,3.8,4,3.8,3.5,3,1,3.5,4,3,4,3.5,3.666666667,3.666666667,2.5,2,1,2
Kansas,PFIcountry6,5,3.8,6,4.5,5.666666667,5.5,4.333333333,5.5,7,5,,,,,,,,
Kentucky,PFIcountry6,4.285714286,3.666666667,4.153846154,3.636363636,3.818181818,3.636363636,4.125,4.444444444,3.714285714,3.777777778,4.125,3.333333333,3.555555556,3.777777778,4,4.428571429,4.571428571,4.571428571
Louisiana,PFIcountry6,3.875,3.5,3.571428571,3.857142857,3.875,3.5,3.333333333,4.142857143,3.5,2.8,2.833333333,2.833333333,2.4,3.25,3.25,4,3.5,3.666666667
Maine,PFIcountry6,3,,,,,,,,,4,,,,,,,,
Maryland,PFIcountry6,4.4375,4.3,4.545454545,4.090909091,4.6,4.1,4.777777778,4.7,4.4,4.333333333,4.5,4.444444444,4.625,4,4.428571429,4.111111111,4.125,4.833333333
Massachusetts,PFIcountry6,4.037037037,4.235294118,4.1,3.647058824,4,4.214285714,4,4.125,3.833333333,3.75,4.0625,3.916666667,4.642857143,4.818181818,4,4.444444444,3.916666667,4.125
Michigan,PFIcountry6,4.666666667,4.52173913,4.625,4.652173913,4.55,4.631578947,4.238095238,4.277777778,4.611111111,4.6,4.5,4.5,3.8125,4.444444444,4.352941176,4.538461538,4.416666667,5.266666667
Minnesota,PFIcountry6,4.428571429,5,3.75,4.8,5.333333333,5.5,5,5,5,,4,5,3,4,4.5,,4,4.5
Mississippi,PFIcountry6,3.6,4,4,3.5,4,3,3.666666667,3.5,4,3.666666667,3.25,4,3.666666667,4.5,3.5,3.5,4,3
Missouri,PFIcountry6,3.916666667,3.909090909,4,4,3.714285714,4.166666667,3.833333333,4.333333333,4.333333333,4.5,4.571428571,4.6,3.875,4.142857143,5.2,4.75,4.571428571,4.8
Montana,PFIcountry6,4,3,3,2,1,2,,3,4,4,2,,2,,,,,
Nebraska,PFIcountry6,4.6,5.25,5.8,4.4,6,4.5,5.333333333,5,5.333333333,5.5,5.666666667,4.333333333,5,4,3,4.666666667,3.5,4
Nevada,PFIcountry6,4.428571429,4,3.6,4.5,3.8,4.5,3.8,4.333333333,4.8,3.6,3.8,2.25,3.25,3,3,3.333333333,3.6,4
New Hampshire,PFIcountry6,4.5,5.333333333,5.333333333,4.666666667,5.5,5.333333333,4.5,5.666666667,6,6,6,5,5,5.666666667,3,4.333333333,4.666666667,5.333333333
New Jersey,PFIcountry6,5.28,4.772727273,5.25,5.263157895,4.842105263,4.923076923,6,5.066666667,5.454545455,5.416666667,5.555555556,5.125,5.545454545,5.2,5.153846154,5.4,5.272727273,5.636363636
New Mexico,PFIcountry6,3.25,7,2.666666667,2.666666667,4,4.5,4.333333333,3.333333333,4,3,5,4.5,4,4,3,4,4.5,4
New York,PFIcountry6,5.030612245,4.487179487,4.459459459,4.846153846,4.379310345,4.259259259,4.730769231,4.846153846,4.545454545,5.117647059,4.407407407,4.666666667,4.75,5,5.473684211,5.125,4.733333333,4.692307692
North Carolina,PFIcountry6,4.151515152,4.15,3.590909091,3.913043478,4.210526316,3.882352941,4.368421053,3.722222222,3.722222222,4.105263158,4.368421053,4.0625,3.928571429,3.8,4.142857143,3.846153846,4.272727273,4.615384615
Ohio,PFIcountry6,4.4,4.52,4,4.416666667,4.130434783,4.380952381,4.263157895,4.444444444,4.25,4.210526316,4.380952381,4.782608696,3.95,4.631578947,4.833333333,4.6875,4.333333333,4.588235294
Oklahoma,PFIcountry6,3.357142857,3.666666667,3.666666667,3.375,4.125,4.4,3,3.5,3.833333333,3.8,4,3.571428571,4.125,4.428571429,4,4,4.333333333,4.4
Oregon,PFIcountry6,3.8,3.571428571,3.777777778,3.3,3.5,3.8,3.333333333,3.888888889,4.142857143,3.444444444,3.25,3.333333333,3.857142857,3,3.333333333,3,2.6,3.75
Pennsylvania,PFIcountry6,4.272727273,4.178571429,4.296296296,4.166666667,4.192307692,4.565217391,4.684210526,4.272727273,3.647058824,4,3.8,4.181818182,3.666666667,4.066666667,4.076923077,4.090909091,4.076923077,4.666666667
Puerto Rico,PFIcountry6,1,1,2,2,2,2,2,2,2,2,2,3,2,2,3,1,2,2
Rhode Island,PFIcountry6,2.5,4.5,3.5,3.5,6,,4,3,,,3.5,3.5,,3.5,4,5,4.5,
South Carolina,PFIcountry6,3.538461538,4.545454545,4.444444444,3.6,4.333333333,3.75,5.333333333,4.625,4.375,4.8,4,4.333333333,4.5,3.833333333,4.333333333,4,4.6,4.6
South Dakota,PFIcountry6,7,,7,6,,5,,,,,,,,,,5,,
Tennessee,PFIcountry6,3.666666667,4.272727273,4.5,4.909090909,4.2,3.25,4.222222222,4.555555556,4.166666667,4.4,4.666666667,4.875,3.857142857,3,4,3.714285714,3.375,3.285714286
Texas,PFIcountry6,4.285714286,4.285714286,4,4.382978723,4.302325581,4.102564103,4.125,4.060606061,3.909090909,4.114285714,3.861111111,3.864864865,4.058823529,3.870967742,4,3.925925926,3.642857143,3.75
Utah,PFIcountry6,6,5,6,5,5,4,5,5,,5,,5,4,5,,,4,4
Vermont,PFIcountry6,5.333333333,5.333333333,4.5,4.5,4,4.5,4.5,5,5,4.5,3.5,5,4.5,5,3,,4.5,4
Virginia,PFIcountry6,3.1,3.363636364,2.818181818,3.5,3.166666667,3.230769231,2.714285714,3.454545455,3.625,4,3.875,4.125,3.5,3.875,4.111111111,3.75,4.1,3.75
Washington,PFIcountry6,3.807692308,3.823529412,4,4.176470588,3.823529412,4.235294118,3.5,3.692307692,3,3.416666667,3.272727273,3.5,3.555555556,3.846153846,3.333333333,3.285714286,3,3.444444444
West Virginia,PFIcountry6,5.5,5,4.5,5.25,5,4.5,5,4.666666667,5.333333333,4.333333333,4.666666667,4.333333333,4.333333333,3.666666667,4.5,4.5,3.666666667,4
Wisconsin,PFIcountry6,4.266666667,4.363636364,4.833333333,4.727272727,4.615384615,5,4.555555556,4.75,4.571428571,4.444444444,5.2,3.833333333,5.5,5.5,5.571428571,5.333333333,4.833333333,5.333333333
Alabama,PFINeigh1,5,5.571428571,5.375,5.5,6.333333333,5.666666667,5.5,4.75,7,,,,,,,3.5,4,5
All states,PFINeigh1,5.216186253,5.220285261,5.107142857,5.140032949,5.252252252,5.23015873,5.202702703,5.177824268,5.237980769,5.138755981,5.228028504,5.274752475,5.208232446,5.281173594,5.177718833,5.247648903,5.188732394,5.247093023
Arizona,PFINeigh1,5.272727273,5.466666667,5.235294118,5.421052632,5.133333333,5.466666667,5.285714286,4.8125,5.428571429,5.357142857,5.111111111,5.416666667,5.153846154,5.5,5.5,5.833333333,5.428571429,5.166666667
Arkansas,PFINeigh1,5.333333333,4.666666667,5,5.8,5.333333333,6,4.25,5.25,5.5,6,6,6.333333333,5.25,5.4,4.25,5.666666667,6.333333333,6.5
California,PFINeigh1,5.354166667,5.189189189,5.157142857,5.107692308,5.196969697,5.05,5.132075472,5.309090909,5.183673469,4.882352941,5.227272727,5.173913043,5.102040816,5,5.173913043,5.466666667,5.341463415,5.119047619
Colorado,PFINeigh1,6,5.8,5.4,5.666666667,6,5.9,6,5.857142857,6.125,6,5.4,6,5.875,5.777777778,5.6,5.857142857,5.333333333,5.666666667
Connecticut,PFINeigh1,5.6,5.5,5.333333333,6,5,5.333333333,5,5,6,5,5,6,5,6,6,5,5,5
Delaware,PFINeigh1,6,6,6,4,4,1,5.5,5,3,4.5,3.5,3,5,4.5,5,4,3,4
District of Columbia,PFINeigh1,6,7,6,5.5,7,7,6,7,7,,7,7,7,5.5,5.5,7,,5.5
Florida,PFINeigh1,4.85915493,5.038461538,4.833333333,5,5.102040816,5.11627907,5.1,4.825,5.052631579,4.763157895,4.95,5.028571429,5.025641026,5.027777778,5.03030303,4.769230769,4.769230769,4.838709677
Georgia,PFINeigh1,5.435897436,5.416666667,5.7,5.45,5.6,5.944444444,5.866666667,5.941176471,6.0625,5.882352941,6.166666667,5.888888889,5.894736842,6.055555556,5.823529412,6.153846154,6.2,6.461538462
Hawaii,PFINeigh1,5.4,4.25,5.6,5.25,4.25,5,5,5.6,5.5,4.666666667,5.666666667,6.5,4.5,6,5.333333333,5.666666667,5.333333333,5
Idaho,PFINeigh1,6,4.666666667,6.5,5.333333333,5.333333333,5,6,5.333333333,5.666666667,5.666666667,6,5.666666667,5.5,6,6,,4,5
Illinois,PFINeigh1,4.655172414,5,5.045454545,4.954545455,4.904761905,5.238095238,4.769230769,4.705882353,5,5.1875,5.071428571,5.142857143,5.071428571,4.857142857,4.866666667,5,5,4.857142857
Indiana,PFINeigh1,5.055555556,5.461538462,5.357142857,5.071428571,5.3,4.8,5.4,5.5,5.777777778,5.428571429,5.444444444,5.5,5.714285714,5.454545455,5,5.428571429,5.5,5.7
Iowa,PFINeigh1,4.857142857,4.4,4.5,4.8,4.25,4,3,3.5,4.333333333,3.5,3,5,4,4.666666667,3.5,2,1,6
Kansas,PFINeigh1,5.2,5.6,6,5.75,6,6,6,5,7,7,,,,,,,,
Kentucky,PFINeigh1,5.071428571,5.5,5.615384615,5,5.727272727,5.727272727,5.875,5.333333333,5.142857143,5.444444444,5.375,4.777777778,5,5.555555556,5.571428571,5.571428571,5.142857143,5.571428571
Louisiana,PFINeigh1,5,5.5,5.428571429,5,5.375,5,4.5,4.857142857,5.833333333,5,5,4.833333333,5.4,5,5,5.5,5.5,5.333333333
Maine,PFINeigh1,4,,,,,,,,,2,,,,,,,,
Maryland,PFINeigh1,5.4375,5,5.272727273,4.666666667,5.3,5,5.222222222,5.3,5,4.777777778,5.25,4.888888889,5,5,5,5,4.75,5
Massachusetts,PFINeigh1,4.666666667,5.058823529,4.75,4.941176471,5.266666667,5.066666667,5,5.625,4.833333333,5.333333333,5.375,5.333333333,5.5,5.727272727,5.111111111,4.888888889,5.083333333,5.75
Michigan,PFINeigh1,5.518518519,5.347826087,5.375,5.208333333,5.5,5.526315789,5.619047619,5.277777778,5.555555556,5.666666667,5.714285714,5.642857143,5.5625,5.888888889,5.176470588,5.538461538,5.727272727,5.4
Minnesota,PFINeigh1,5.142857143,4.571428571,5.5,5.8,5.666666667,4,6,5,5,,5,5.5,4,6,5.5,,4,5
Mississippi,PFINeigh1,4.8,5.333333333,5.333333333,4.75,4.25,4.666666667,4.75,4.5,5,4.333333333,4.75,4.5,5.333333333,4.5,4.5,4,4.5,4.666666667
Missouri,PFINeigh1,4.916666667,4.545454545,4.888888889,4.7,5,4.5,4.666666667,5,5.666666667,5.666666667,5.285714286,5.6,5,6,5.4,5.5,5.571428571,5.6
Montana,PFINeigh1,5,5,5,5,5,5,,5,5,5,6,,5,,,,,
Nebraska,PFINeigh1,5.6,5.25,5,5.4,6,4.75,5.333333333,5.25,4.666666667,4.75,5.666666667,5,5.5,4,5,4.333333333,3,4.5
Nevada,PFINeigh1,5.571428571,5.6,5.6,5.5,5.8,5.666666667,6.4,5.666666667,6,5.8,6,5,5.5,5.5,5.25,5.666666667,5,5.4
New Hampshire,PFINeigh1,5.25,5.333333333,5,5.333333333,5.5,4,5,4,4.5,5.5,5,5.5,5.5,3.666666667,3.666666667,4,4,4
New Jersey,PFINeigh1,5.8,5.590909091,5.65,5.789473684,5.421052632,6,6.2,5.666666667,5.909090909,5.916666667,5.555555556,5.5,6.090909091,6,5.923076923,5.8,5.818181818,6
New Mexico,PFINeigh1,5.5,6,4,4,5.666666667,4.5,6,5,3.5,4,5.5,5,3.5,4,4,4,4.5,4.5
New York,PFINeigh1,5.765306122,5.625,5.27027027,5.461538462,5.137931034,5.592592593,5.28,5.692307692,5.5,5.764705882,5.333333333,5.583333333,5.75,5.611111111,6.105263158,5.875,6.066666667,6.153846154
North Carolina,PFINeigh1,4.666666667,5.55,4.818181818,5,5.105263158,5.235294118,4.894736842,4.588235294,4.888888889,4.315789474,5,5,5.071428571,5.2,4.642857143,5,4.545454545,5
Ohio,PFINeigh1,5.222222222,5.28,5.111111111,5.125,5.260869565,5.428571429,5.210526316,5.444444444,5.3125,5.105263158,5.714285714,5.695652174,5.5,5.684210526,5.388888889,5.5625,5.333333333,5.529411765
Oklahoma,PFINeigh1,4.714285714,4.888888889,4.111111111,4.25,5,3.8,5,4.166666667,4.333333333,4.2,4.571428571,4.285714286,4.375,5.142857143,4.2,4.166666667,4.166666667,4.8
Oregon,PFINeigh1,4.6,4.714285714,4.666666667,4.9,5.4,5.3,4.666666667,4.888888889,5,4.666666667,5.25,5,5.428571429,4.375,5.166666667,4.8,4.4,5
Pennsylvania,PFINeigh1,5.424242424,5.464285714,5,5.041666667,5.296296296,5.347826087,5,5,4.823529412,5.307692308,4.8,5,5,5.4,4.538461538,5.1,5.692307692,5
Puerto Rico,PFINeigh1,1,1,2,2,1,2,2,2,2,1,2,2,2,2,1,2,2,1
Rhode Island,PFINeigh1,4.5,6,3,5.5,5,,4,4,,,5.5,5.5,,6,6,6,5.5,
South Carolina,PFINeigh1,5.384615385,6.090909091,5.444444444,5.1,6,5.75,5.5,6,5.875,5,5.4,5.5,5.166666667,5.333333333,5.666666667,5.714285714,5.6,5.2
South Dakota,PFINeigh1,7,,6,6,,5,,,,,,,,,,4,,
Tennessee,PFINeigh1,4.875,5.5,5.416666667,5.545454545,5.4,5.25,4.888888889,5.555555556,5.166666667,5.4,5.333333333,5.375,5.428571429,4.6,4.833333333,5.857142857,5,5.285714286
Texas,PFINeigh1,4.985714286,4.897959184,4.636363636,4.872340426,5.166666667,4.973684211,5.212121212,4.818181818,5.03030303,5.176470588,4.888888889,5,4.764705882,4.741935484,4.88,4.888888889,4.785714286,4.703703704
Utah,PFINeigh1,7,6,6,7,6,6,5,6,,6,,6,6,6,,,6,6
Vermont,PFINeigh1,5.666666667,5.666666667,4.5,5,5,5,5,5,5,4.5,5.5,6,5,5.5,5,,4.5,5
Virginia,PFINeigh1,5.15,4.454545455,4.666666667,4.785714286,4.75,5.153846154,4.428571429,5,5.25,5.1,5.375,5.125,5,5,5.222222222,5.625,5.3,5.625
Washington,PFINeigh1,4.807692308,4.294117647,5.105263158,5.176470588,5,4.705882353,4.583333333,5.076923077,4.545454545,4.583333333,4.363636364,4.9,4.555555556,5.307692308,4.777777778,3.857142857,4,4.444444444
West Virginia,PFINeigh1,6,5.75,5.25,5.75,6.333333333,6,4,5.666666667,6,5.666666667,5.333333333,6.333333333,5,5,5.5,5.5,6.333333333,6
Wisconsin,PFINeigh1,5.4,5.818181818,5.5,5.272727273,5.461538462,5.666666667,5.888888889,5.5,5,6,5.4,5.666666667,5.75,6,5.857142857,5.5,5.333333333,5.666666667
Alabama,PFINeigh6,3.555555556,3.285714286,3.625,3.75,4,4.333333333,3,4,5,,,,,,,2.5,3,3
All states,PFINeigh6,3.998888889,4.076311606,3.957723577,3.97199341,4.066189624,4.108910891,4.121348315,4,4.067146283,3.988038278,4.035629454,4.086633663,3.922891566,4.024449878,3.989417989,4.090909091,3.93258427,3.988372093
Arizona,PFINeigh6,3.772727273,4.6,3.588235294,3.842105263,4.0625,4.066666667,4.571428571,3.9375,4.071428571,4.5,4.222222222,4.5,3.769230769,4.333333333,4.214285714,5.166666667,4.571428571,4
Arkansas,PFINeigh6,3.888888889,3.666666667,3,4.8,4,5,3,4.25,3.5,4.333333333,6,5,4.75,4.6,4.5,5.333333333,5,5
California,PFINeigh6,3.875,4.040540541,3.898550725,4.092307692,4,3.966666667,4.41509434,3.945454545,4.040816327,3.862745098,4.25,4.086956522,3.98,3.895833333,3.891304348,4.3,3.87804878,4.19047619
Colorado,PFINeigh6,4.769230769,4.8,4.8,4.666666667,5.1,5,5.5,5.142857143,5.25,5.375,4.3,4.777777778,4.75,4.333333333,4.6,4.142857143,4.222222222,4.222222222
Connecticut,PFINeigh6,3.2,4.5,4,4,4,4,5,3,5,4,5,3,5,5,5,5,3,3
Delaware,PFINeigh6,4,5,5,1,1.5,1,4,3,2,3.5,3,2,3.5,3,2,3,2,2
District of Columbia,PFINeigh6,4,6,5.5,4.5,7,7,5.5,6,7,,7,7,6,6,5.5,7,,4.5
Florida,PFINeigh6,3.718309859,4.057692308,3.685185185,3.770833333,4.040816327,4.139534884,4.025,3.725,4.078947368,3.783783784,3.8,3.971428571,3.794871795,3.777777778,3.515151515,3.423076923,3.423076923,3.612903226
Georgia,PFINeigh6,4.256410256,4.291666667,4.2,4.2,4.7,5,5.4,4.941176471,4.625,4.941176471,4.888888889,4.722222222,4.894736842,4.944444444,4.764705882,4.846153846,5.133333333,4.538461538
Hawaii,PFINeigh6,4.5,3.25,4.6,3.75,3.25,5.2,3.5,4,4.5,5.333333333,4.333333333,6.5,4,4.666666667,5.333333333,5,5,5.5
Idaho,PFINeigh6,5.25,3.333333333,4,2.666666667,3,5,2.666666667,2.666666667,5,3.333333333,4.333333333,4.666666667,4.5,7,3,,2,2
Illinois,PFINeigh6,3.862068966,3.916666667,3.909090909,3.590909091,4.285714286,4.333333333,4.230769231,3.294117647,3.571428571,3.8125,4,4.071428571,4.142857143,3.428571429,3.6,4.166666667,3.333333333,3.642857143
Indiana,PFINeigh6,4.222222222,4.384615385,4,3.928571429,4.6,3.9,4.4,4.4,4.666666667,3.571428571,3.666666667,4.375,3.875,3.363636364,4.3,4.428571429,3.9,3.8
Iowa,PFINeigh6,4.285714286,4,3.25,4,3.5,3.333333333,1,3.5,4,2,2,3,3.666666667,3.333333333,3,3,1,1
Kansas,PFINeigh6,4.2,4,6,4.75,4.333333333,5.5,6,5,7,7,,,,,,,,
Kentucky,PFINeigh6,3.785714286,4.583333333,4.230769231,3.818181818,3.636363636,3.818181818,4,4.777777778,3.571428571,4.222222222,4.875,4.222222222,3.555555556,4.333333333,4.285714286,4,4.857142857,4.428571429
Louisiana,PFINeigh6,3.625,4.125,4.142857143,4.285714286,3.5,3.833333333,3.5,3.857142857,3.166666667,3,3.333333333,3.166666667,3.4,3.75,4,4,3.833333333,4
Maine,PFINeigh6,3.5,,,,,,,,,3,,,,,,,,
Maryland,PFINeigh6,4.375,4.7,4.272727273,4.416666667,4.7,3.9,4.555555556,4.2,4.5,4.333333333,4.5,4.444444444,4.5,4.5,4.714285714,3.777777778,4.125,4.666666667
Massachusetts,PFINeigh6,3.555555556,4.117647059,3.65,3.529411765,3.75,3.733333333,3.181818182,3.9375,3.166666667,3.75,3.875,4.166666667,4.428571429,3.818181818,3.666666667,3.888888889,4,4.125
Michigan,PFINeigh6,3.925925926,4.043478261,4.375,4,3.9,4.315789474,4.047619048,4.166666667,4.277777778,4.2,4.285714286,4.285714286,3.75,4.277777778,3.705882353,3.923076923,4.166666667,4.266666667
Minnesota,PFINeigh6,3.714285714,3.714285714,4.75,4.4,5,4,5,5,5,,3,5,2.5,5,4.5,,2,5.5
Mississippi,PFINeigh6,3,3.666666667,3,3.5,3,3,4,3.25,4,3.666666667,3.5,4.5,3.333333333,4,3.5,3.5,4,3
Missouri,PFINeigh6,3.727272727,4.181818182,3.777777778,4.6,3.571428571,3.833333333,3.833333333,4,4.5,4.166666667,4.428571429,4.4,4,4.714285714,4.6,4.5,4.428571429,4.4
Montana,PFINeigh6,3,3,3,2,1,2,,3,3,2,2,,3,,,,,
Nebraska,PFINeigh6,4.6,4.75,3.6,4.2,5.5,4.5,4,4.25,3.666666667,4.75,4.333333333,3.666666667,4.5,2,3,3.666666667,4,2
Nevada,PFINeigh6,3.857142857,3.6,4,4.5,3.4,3.833333333,3.2,3.833333333,3.4,3.6,3.6,3,2.75,3.5,3,3,2.6,2.6
New Hampshire,PFINeigh6,4.25,4.333333333,4,3.666666667,3.5,3.666666667,4,3.333333333,3.5,4,3.5,4,3.5,2.666666667,3,3,3.333333333,3.333333333
New Jersey,PFINeigh6,4.68,4.428571429,5.05,4.894736842,4.315789474,5.384615385,5.9,4.8,5.363636364,4.833333333,5.111111111,5,5.090909091,5.3,5.076923077,5.2,5.090909091,5.272727273
New Mexico,PFINeigh6,4,6,3,3,2.666666667,4.5,3.666666667,2.666666667,4,2.666666667,3.5,3.5,4,3,3.5,3.5,4,2.5
New York,PFINeigh6,4.663265306,4.2,4.351351351,4.256410256,4.275862069,4.333333333,4.192307692,4.461538462,4.363636364,4.470588235,4,4.333333333,4,4.555555556,4.578947368,4.4375,4.2,4.307692308
North Carolina,PFINeigh6,3.272727273,4.2,3.5,3.391304348,3.842105263,3.588235294,3.842105263,3.5,4,3.473684211,4.210526316,3.6875,3.785714286,3.8,3.928571429,4,4.090909091,3.923076923
Ohio,PFINeigh6,4.333333333,4.4,3.888888889,4.083333333,4.217391304,4.285714286,4.263157895,4.055555556,4,4.157894737,4.476190476,4.434782609,3.95,4.631578947,4.222222222,4.4375,4.222222222,4.705882353
Oklahoma,PFINeigh6,3.642857143,3.555555556,3.333333333,3.375,3.25,2.8,3.5,2.833333333,2.5,2.6,3.142857143,2.428571429,3,3.285714286,2.6,3,3.333333333,3.6
Oregon,PFINeigh6,3.133333333,3.285714286,3.666666667,3.3,4.1,4.1,3.555555556,3.666666667,4,3,3.875,3.5,3.428571429,3,3,2.8,2.4,3.5
Pennsylvania,PFINeigh6,4.090909091,4.25,4.333333333,3.666666667,4.185185185,4.434782609,3.736842105,4.095238095,3.941176471,4.615384615,3.6,4.363636364,3.75,3.666666667,3.769230769,4.3,3.923076923,3.666666667
Puerto Rico,PFINeigh6,1,1,2,2,2,2,2,2,2,3,3,2,2,2,2,2,3,2
Rhode Island,PFINeigh6,3.5,5,3,6,5,,3,3,,,4,3.5,,4.5,5,5,5.5,
South Carolina,PFINeigh6,4.307692308,4.636363636,4.555555556,4,5.111111111,4.375,5.166666667,4.875,5.125,4.8,4.2,4,4.166666667,4.333333333,4.166666667,5.285714286,4.2,4.4
South Dakota,PFINeigh6,7,,6,5,,3,,,,,,,,,,4,,
Tennessee,PFINeigh6,3.5625,4,3.583333333,4.181818182,3.4,3.25,3.777777778,3.888888889,3.833333333,3.6,3.333333333,3.875,3.857142857,3.2,3.666666667,4,2.875,3.142857143
Texas,PFINeigh6,3.771428571,3.448979592,3.227272727,3.680851064,3.906976744,3.743589744,3.636363636,3.727272727,3.515151515,3.571428571,3.416666667,3.513513514,3.176470588,3.387096774,3.384615385,3.296296296,3.142857143,3.37037037
Utah,PFINeigh6,6,5,6,6,6,6,5,6,,5,,6,6,6,,,6,5
Vermont,PFINeigh6,5,5.5,2.5,4.5,3,3,3.5,4.5,5,3.5,3,4,4.5,4,4,,4,4
Virginia,PFINeigh6,3.25,3.727272727,3.416666667,3.714285714,3.583333333,3.615384615,3.428571429,3.545454545,3.75,3.4,4.25,4.25,3.625,4.125,4,4,4.2,4.125
Washington,PFINeigh6,3.692307692,3.176470588,4.210526316,3.941176471,4.176470588,3.411764706,3.583333333,3.461538462,3.666666667,3.583333333,3.272727273,3.3,3.444444444,4,3.555555556,3.285714286,2.666666667,3.333333333
West Virginia,PFINeigh6,6,5,4.75,4.25,4,4.5,3.5,4,4,4.666666667,4.333333333,4.333333333,4,3.666666667,4,4.5,4.666666667,4.333333333
Wisconsin,PFINeigh6,4.866666667,4.818181818,4.833333333,4.727272727,4.692307692,5,4.555555556,5.125,4.857142857,4.777777778,5,4.333333333,5.25,5,5.428571429,5.166666667,5,5.166666667
Alabama,WillingnessCountry,2.777777778,2.285714286,2.875,2.25,3,3.333333333,3.5,2.75,2,,,,,,,5,4,3
All states,WillingnessCountry,3.10421286,2.954041204,2.756097561,2.709090909,2.592128801,2.609126984,2.564334086,2.510504202,2.693045564,2.577565632,2.529691211,2.507425743,2.554216867,2.508557457,2.563492063,2.584375,2.547752809,2.510144928
Arizona,WillingnessCountry,3.590909091,3.666666667,3.176470588,3.263157895,2.875,2.933333333,3.571428571,2.6875,2.928571429,3.071428571,2.666666667,3.166666667,2.923076923,3.083333333,3.071428571,3.333333333,3,2.666666667
Arkansas,WillingnessCountry,4.333333333,4.166666667,3.75,3.4,4.333333333,3.333333333,3.666666667,3.5,4.25,4,3.333333333,4.666666667,3.75,3.6,3.75,4.333333333,4,4.5
California,WillingnessCountry,2.9375,2.864864865,2.857142857,2.692307692,2.686567164,2.566666667,2.538461538,2.4,2.816326531,2.450980392,2.590909091,2.608695652,2.68,2.416666667,2.304347826,2.4,2.365853659,2.333333333
Colorado,WillingnessCountry,4.153846154,3.7,3.4,3.333333333,4,3.6,3.5,3.428571429,3.875,3,3.2,4,3.125,3.444444444,3.8,3.714285714,3.444444444,3.333333333
Connecticut,WillingnessCountry,3,4,3.666666667,3.5,3,3,2,1,1,2,1,1,1,1,3,1,2,2
Delaware,WillingnessCountry,3,1,1,2,1.5,1,3,1,2,1,1.5,2,1,1.5,2,2,2,2
District of Columbia,WillingnessCountry,1.5,3,1.5,2,2,1,1.5,1,1,,1,1,1,1,1,1,,1.5
Florida,WillingnessCountry,2.802816901,2.557692308,2.296296296,2.354166667,2.224489796,2.333333333,2.275,2.025,2.342105263,2,2.1,2.171428571,2.461538462,2.25,2.121212121,2.384615385,2.230769231,2.258064516
Georgia,WillingnessCountry,3.128205128,3.041666667,2.9,2.6,2.95,2.944444444,3.4,2.941176471,2.9375,3.058823529,2.833333333,2.444444444,2.947368421,2.722222222,2.941176471,2.384615385,2.733333333,2.538461538
Hawaii,WillingnessCountry,2.8,2.75,2,1.75,2,2.2,2.25,2.2,1,2.333333333,1,1.5,1.75,1,1,2,1,1
Idaho,WillingnessCountry,4.25,1.333333333,1.5,1.333333333,1.333333333,1,1.333333333,1.666666667,1.333333333,1,1.333333333,1,1,1,1,,1,1
Illinois,WillingnessCountry,2.517241379,2.875,2.80952381,2.545454545,2.238095238,2.19047619,1.538461538,1.882352941,2.285714286,2.375,2.285714286,2,2.357142857,2.071428571,2.133333333,2.083333333,2.166666667,2.357142857
Indiana,WillingnessCountry,2.555555556,2.615384615,2.714285714,2.142857143,2.3,2.2,2.1,2.444444444,3,1.714285714,2.333333333,2.375,2.75,2.545454545,2.7,2.428571429,2.1,1.9
Iowa,WillingnessCountry,3.285714286,3.4,2.25,2.8,1.75,1.666666667,1,2.5,2.333333333,2.5,4.5,2,1.666666667,1.333333333,2,1,1,1
Kansas,WillingnessCountry,1.4,1.8,2.5,2.25,1,1,1.333333333,1.5,1,1,,,,,,,,
Kentucky,WillingnessCountry,4.642857143,4.25,3.615384615,4.090909091,3.636363636,4.363636364,3.5,4.222222222,5.142857143,4.111111111,4.25,4.333333333,3.555555556,4,4.714285714,4.428571429,4.857142857,4.571428571
Louisiana,WillingnessCountry,3,3.375,3.142857143,2.571428571,2.5,2.833333333,2.666666667,3,2.666666667,2.8,3.166666667,2.833333333,2.6,2.75,2,3.5,2,2
Maine,WillingnessCountry,4,,,,,,,,,3,,,,,,,,
Maryland,WillingnessCountry,2.9375,2.3,2.363636364,2.75,3,2.5,2.333333333,2.5,2.6,2.222222222,2.25,2.222222222,2.125,2.5,2.571428571,2.666666667,2.625,2.666666667
Massachusetts,WillingnessCountry,2.62962963,2.470588235,2.2,2.235294118,1.9375,2.133333333,1.727272727,2.0625,1.75,1.833333333,2.1875,2,1.928571429,2.363636364,1.777777778,1.555555556,2.583333333,1.75
Michigan,WillingnessCountry,2.444444444,2.565217391,2.875,2.52173913,2.4,2.368421053,2.619047619,2.388888889,2.611111111,2.266666667,2.285714286,2.5,2.3125,2.222222222,2.176470588,2.307692308,2.333333333,2.4
Minnesota,WillingnessCountry,2.142857143,1.857142857,1.5,1.8,1.666666667,1.5,1,1,1,,2,1,1.5,1.5,1.5,,2,1.5
Mississippi,WillingnessCountry,2.2,2,1.666666667,2,2.25,1.333333333,2,2.25,2,2,1.75,1.5,2.333333333,2,1,2.5,2,2
Missouri,WillingnessCountry,2.75,2.727272727,3.333333333,2.7,3,3,2.666666667,3.166666667,3.333333333,3.666666667,2.857142857,3,3,3.285714286,3.6,3.75,3.571428571,2.8
Montana,WillingnessCountry,1,1,1,4,1,1,,1,2,1,1,,1,,,,,
Nebraska,WillingnessCountry,4,3,4,3.2,2.75,3.5,4.333333333,3.25,4,3.25,3.666666667,3.333333333,4.5,3,1,4,2.5,2.5
Nevada,WillingnessCountry,3.714285714,3.4,2.2,2.666666667,3.2,3.333333333,3.4,2.333333333,3.2,2.8,3.2,1.8,2.75,3,2.25,1.333333333,2.4,1.8
New Hampshire,WillingnessCountry,2,1.666666667,2,3,1,2,1.5,2.666666667,2,1.5,1.5,1,2.25,2.666666667,1.333333333,3,2,2
New Jersey,WillingnessCountry,3.2,3.5,3.25,3.421052632,3.105263158,3.076923077,3.5,3.6,3.181818182,3.083333333,2.888888889,2.375,3.272727273,3.6,3.153846154,2.7,3.363636364,3.545454545
New Mexico,WillingnessCountry,4,4,3.333333333,3.333333333,3,2.5,4,2.5,2.5,3.666666667,2.5,3,2,2.5,2,2.5,2.5,2
New York,WillingnessCountry,4.132653061,3.425,2.756756757,2.461538462,2.586206897,2.592592593,2.346153846,2.307692308,2.545454545,2.705882353,2.666666667,2.416666667,2.2,2.5,2.631578947,2.125,2.6,2.384615385
North Carolina,WillingnessCountry,2.96969697,2.75,2.227272727,2.409090909,2.526315789,2.058823529,2,1.944444444,2.111111111,2.421052632,2.157894737,2.375,2.357142857,2.333333333,2.428571429,2.846153846,2.272727273,3.153846154
Ohio,WillingnessCountry,2.638888889,2.64,2.518518519,2.5,2.565217391,2.047619048,2.368421053,2.111111111,2.1875,2.157894737,2,2.47826087,2.2,2.105263158,2.388888889,2,2.611111111,2.294117647
Oklahoma,WillingnessCountry,2.642857143,2.888888889,2.555555556,3.375,2.625,2.8,2.166666667,3.166666667,2.5,2.2,2.571428571,2.714285714,2.5,2.857142857,2.6,2,2.666666667,2.6
Oregon,WillingnessCountry,2.8,2.571428571,2,2.3,2.6,2.5,1.888888889,2.111111111,2.285714286,2,1.5,2.166666667,2.142857143,1.625,1.5,1.4,1.4,1.5
Pennsylvania,WillingnessCountry,2.545454545,2.857142857,3,3.125,2.444444444,2.956521739,2.894736842,2.909090909,3.117647059,3.230769231,3.133333333,2.545454545,2.916666667,3.133333333,2.461538462,3.090909091,3.384615385,3
Puerto Rico,WillingnessCountry,1,1,1,1,1,1,1,1,1,1,1,1,1,1,1,1,1,1
Rhode Island,WillingnessCountry,1.5,2,2,2,1,,1,1,,,1,1,,1,1,1,1,
South Carolina,WillingnessCountry,3.153846154,3.454545455,2.777777778,2.9,2.777777778,2.875,3,2.375,2.75,3,2.8,2.833333333,2.833333333,2.666666667,2.833333333,2.714285714,2.6,2.2
South Dakota,WillingnessCountry,4,,4,3,,1,,,,,,,,,,3,,
Tennessee,WillingnessCountry,2.75,3.333333333,3.25,2.909090909,2.9,2.875,3,3,2.333333333,3.8,3,2.625,2.285714286,2.2,2.833333333,2.428571429,2,2.142857143
Texas,WillingnessCountry,3.042857143,3.163265306,2.863636364,2.914893617,2.627906977,2.743589744,2.545454545,2.59375,2.909090909,2.657142857,2.777777778,2.351351351,2.529411765,2.290322581,2.461538462,2.666666667,2.178571429,2.464285714
Utah,WillingnessCountry,4,5,5,4,3,3,3,5,,4,,4,4,4,,,2,4
Vermont,WillingnessCountry,3.666666667,3.333333333,2.5,2.5,2,1,2,2.5,1,1.5,2,1,1.5,2,1,,1.5,1.5
Virginia,WillingnessCountry,3.25,2.090909091,2.083333333,3,2.583333333,2.923076923,2.428571429,2.454545455,2.375,2.6,2.5,2.5,2.75,2.75,2.777777778,3.125,2.5,3.25
Washington,WillingnessCountry,3.038461538,3.411764706,2.631578947,2.529411765,2.176470588,2.588235294,2.583333333,2.769230769,2.916666667,2.75,2.454545455,2.1,2.333333333,1.923076923,3.222222222,2.285714286,2.5,2.777777778
West Virginia,WillingnessCountry,4.5,4,4.75,3.25,4.333333333,3,3,4.333333333,4.666666667,3.666666667,3.333333333,3.666666667,3.333333333,3.333333333,5,2,3.333333333,3
Wisconsin,WillingnessCountry,3.866666667,3.636363636,3.5,3.272727273,2.769230769,3.333333333,3.444444444,2.625,2.714285714,3.333333333,3.8,4.166666667,3.25,3.666666667,4.714285714,3.833333333,3,3
Alabama,WillingnessNeigh,3.888888889,3.428571429,3.5,3.25,4,4.333333333,4,3.75,4,,,,,,,5,4,3
All states,WillingnessNeigh,3.503325942,3.339144216,3.156097561,3.204620462,3.057245081,3.057425743,2.988738739,2.991649269,3.083932854,3.050239234,2.995249406,2.970223325,3.03373494,3.014669927,3.106100796,3.090909091,3.075842697,3.043604651
Arizona,WillingnessNeigh,4.181818182,3.933333333,4.117647059,3.842105263,3.9375,3.666666667,4.214285714,3.3125,3.5,3.785714286,3.777777778,4.416666667,3.769230769,4.083333333,4.285714286,4.333333333,4,3.916666667
Arkansas,WillingnessNeigh,4.666666667,4.5,4.25,4.4,5.333333333,4.666666667,4,3.75,5,5,4.666666667,5.333333333,4,4.2,4.25,5,5,5
California,WillingnessNeigh,3.354166667,3.324324324,3.157142857,3.369230769,2.955223881,3.15,2.981132075,3.036363636,3.204081633,3.019607843,3.227272727,3.065217391,3.18,2.895833333,2.782608696,2.933333333,2.829268293,2.880952381
Colorado,WillingnessNeigh,4.384615385,4.4,3.9,4,4.3,4.2,4.25,4,4.5,3.875,3.6,4.444444444,4.125,4,4.3,4.857142857,4.333333333,4.444444444
Connecticut,WillingnessNeigh,2.8,4,4,3.5,3,4,2,1,1,3,1,1,1,1,3,1,2,2
Delaware,WillingnessNeigh,3,1,1,2,1.5,1,2.5,1,2,1,1.5,2,1,1.5,2,2,2,2
District of Columbia,WillingnessNeigh,2,3,2,3,1,2,1.5,2,1,,1,1,1,1.5,1.5,1,,2
Florida,WillingnessNeigh,3.056338028,2.903846154,2.537037037,2.5625,2.693877551,2.627906977,2.615384615,2.225,2.736842105,2.315789474,2.475,2.371428571,2.461538462,2.694444444,2.606060606,2.615384615,2.653846154,2.548387097
Georgia,WillingnessNeigh,3.794871795,3.291666667,3.2,3,3.1,3.277777778,3.533333333,3.235294118,3.4375,3.588235294,3.444444444,3.166666667,3.368421053,3.277777778,3.882352941,2.769230769,3.4,3.076923077
Hawaii,WillingnessNeigh,3.8,3.25,2.6,3,3.25,2.8,3.75,2.8,1.5,3.666666667,1.666666667,4,3,3,1.666666667,3.333333333,2.666666667,2
Idaho,WillingnessNeigh,4,2,1.5,1.333333333,1.666666667,1,1.333333333,1.666666667,1.333333333,1,1.333333333,1,1,1,1,,1,1
Illinois,WillingnessNeigh,3,3.041666667,2.863636364,2.863636364,2.80952381,2.523809524,1.846153846,2.352941176,2.5,2.75,2.928571429,2.357142857,3.071428571,2.357142857,2.933333333,2.666666667,2.666666667,2.785714286
Indiana,WillingnessNeigh,2.833333333,3.230769231,2.857142857,2.857142857,2.6,2.4,2.7,3.3,3.333333333,2.428571429,3.222222222,2.857142857,2.875,3,2.8,3,2.7,2.5
Iowa,WillingnessNeigh,3.714285714,3.4,2.25,2.8,1.75,1.666666667,3,2,2.333333333,2.5,2,2,1.666666667,1.333333333,2.5,1,2,4
Kansas,WillingnessNeigh,2.4,2.2,2.5,2.5,1,1,1.333333333,1.5,1,1,,,,,,,,
Kentucky,WillingnessNeigh,5.071428571,4.833333333,4.076923077,4.636363636,4.636363636,4.454545455,3.875,4.777777778,4.571428571,4.375,4.625,5.111111111,4.111111111,4.888888889,5.571428571,5,5,5.142857143
Louisiana,WillingnessNeigh,3.625,3.75,3.714285714,3.142857143,2.875,2.666666667,3.5,3.428571429,2.833333333,3.6,3.5,3.333333333,3,3.75,3.25,4.5,3.166666667,2.666666667
Maine,WillingnessNeigh,4.5,,,,,,,,,3,,,,,,,,
Maryland,WillingnessNeigh,3.75,3.2,2.636363636,3.083333333,3.7,3.2,3.333333333,3.5,3.5,2.888888889,2.875,2.777777778,3,3.4,3.285714286,3.333333333,3.25,3.333333333
Massachusetts,WillingnessNeigh,3.259259259,3,2.85,2.705882353,2.6875,2.8,2,2.75,2.083333333,2.583333333,2.75,2.25,2.642857143,3,2.666666667,2.222222222,3.5,2.25
Michigan,WillingnessNeigh,2.888888889,3.086956522,3.333333333,3.041666667,2.8,2.736842105,3.142857143,2.777777778,3.111111111,2.866666667,2.928571429,2.714285714,2.9375,2.722222222,2.529411765,3.153846154,2.833333333,3.2
Minnesota,WillingnessNeigh,2.142857143,2,1.5,1.8,2,1.5,1,1,1,,2,1.5,1.5,1.5,1.5,,2,1.5
Mississippi,WillingnessNeigh,2.8,2,2,2,2.25,1.666666667,2.25,2.25,1.333333333,1.666666667,2,2,2,1.5,1,1.5,2.5,1.666666667
Missouri,WillingnessNeigh,3.083333333,3.363636364,3.666666667,3.1,3.428571429,3.666666667,3.333333333,3.666666667,3.666666667,4,3.285714286,4.2,3.375,4.285714286,4.4,4.75,4.142857143,4.2
Montana,WillingnessNeigh,1,2,1,2,2,1,,1,2,1,1,,1,,,,,
Nebraska,WillingnessNeigh,4.6,4,4.4,3.8,2.75,4,3.666666667,3,4.333333333,4.25,3.333333333,4.333333333,4.5,2,1,4.333333333,1.5,3
Nevada,WillingnessNeigh,4.571428571,4.2,3.2,4.166666667,4.4,4,4.6,4,4.6,4.2,4.6,3.4,4.5,3.25,2.5,4.333333333,3.6,3.6
New Hampshire,WillingnessNeigh,2.25,2,2,2.333333333,1.5,2.333333333,1.5,2.666666667,2,2,1.5,3,2.75,2.666666667,1.333333333,2.333333333,2.666666667,2
New Jersey,WillingnessNeigh,3.92,3.863636364,3.8,3.631578947,3.684210526,3.769230769,4.3,4,4,3.833333333,3.555555556,3.875,3.818181818,3.8,3.692307692,3.4,4,4
New Mexico,WillingnessNeigh,4,4,4,3.666666667,3.666666667,3,4,3.666666667,3,4.333333333,3,3,2.5,3,3,3,3,2.5
New York,WillingnessNeigh,4.163265306,3.55,3.108108108,3,2.724137931,3,2.730769231,2.923076923,3.181818182,3.294117647,3,2.833333333,2.85,3.166666667,3.277777778,2.625,3.133333333,2.923076923
North Carolina,WillingnessNeigh,3.636363636,3.65,3.045454545,3,2.894736842,2.647058824,2.368421053,2.722222222,2.611111111,2.789473684,2.789473684,2.9375,2.928571429,3.066666667,3,3.384615385,2.818181818,3.230769231
Ohio,WillingnessNeigh,3.222222222,3.2,3.037037037,3.375,3.173913043,2.619047619,3,2.833333333,2.5625,2.684210526,2.571428571,3.086956522,2.65,2.842105263,3,2.625,3.222222222,3
Oklahoma,WillingnessNeigh,2.857142857,3.555555556,3.111111111,4,2.875,2.8,3.5,3.333333333,2.666666667,2.2,2.714285714,2.428571429,3,3.142857143,2.4,1.666666667,2.666666667,3.2
Oregon,WillingnessNeigh,3.2,2.785714286,2.222222222,2.4,2.7,2.6,2.111111111,2.444444444,1.857142857,2,1.875,1.666666667,2.285714286,1.75,1.5,1.4,1.4,1.5
Pennsylvania,WillingnessNeigh,3.060606061,3.178571429,3.518518519,3.708333333,3.259259259,3.826086957,3.210526316,3.454545455,3.235294118,3.384615385,3.6,2.909090909,3.666666667,3.466666667,3.230769231,3.1,3.923076923,3.333333333
Puerto Rico,WillingnessNeigh,1,1,1,1,1,1,1,1,1,1,1,1,1,1,1,1,1,1
Rhode Island,WillingnessNeigh,1.5,2,2,2,1,,1,1,,,1,1,,1,1,1,1,
South Carolina,WillingnessNeigh,3.615384615,4.363636364,3.777777778,3.5,3.111111111,3.375,3.833333333,3.25,3.375,3.4,3.4,3.5,3,3.166666667,3,3.714285714,3,2.6
South Dakota,WillingnessNeigh,5,,4,4,,4,,,,,,,,,,4,,
Tennessee,WillingnessNeigh,3.5625,3.75,4.166666667,3.909090909,3.1,3.375,2.777777778,3.555555556,3.666666667,4.8,4,3.5,3.571428571,3.6,3.833333333,4,2.875,3.428571429
Texas,WillingnessNeigh,3.185714286,3.102040816,2.886363636,3.14893617,2.953488372,2.871794872,2.757575758,2.757575758,3.060606061,2.828571429,2.805555556,2.486486486,2.823529412,2.580645161,2.653846154,2.814814815,2.357142857,2.666666667
Utah,WillingnessNeigh,4,6,6,5,6,5,5,6,,6,,6,6,5,,,5,6
Vermont,WillingnessNeigh,4.333333333,3,2.5,3,2.5,1.5,2,2.5,1,1.5,2.5,1,2,2,1,,2,2
Virginia,WillingnessNeigh,3.65,2.818181818,2.666666667,3.642857143,3.416666667,3.307692308,3,2.818181818,2.75,3,3.125,2.875,3,3.125,3.444444444,3.375,2.9,3.5
Washington,WillingnessNeigh,3.346153846,3.411764706,2.888888889,3.058823529,2.823529412,2.705882353,2.916666667,3,3.333333333,3,2.818181818,2.2,3.222222222,2.538461538,3.333333333,2.714285714,2.666666667,3
West Virginia,WillingnessNeigh,5.25,4.25,5,4,4.666666667,3.5,3,4.666666667,4.333333333,4.666666667,3.666666667,4,3.666666667,3.666666667,5.5,2,3.333333333,3.666666667
Wisconsin,WillingnessNeigh,4.133333333,4,4.166666667,3.727272727,3.461538462,4,3.555555556,2.75,3.428571429,3.777777778,3.8,4.166666667,3.25,3.666666667,5.571428571,3.833333333,3.166666667,3.166666667
Alabama,CovidCases,1055.29,1722.43,2040.71,3295,2775.86,948.14,418.71,393.14,278.14,182.43,1592.86,2828.86,849.8571429,721,937.8571429,139.8571429,1612.428571,2238.857143
Alaska,CovidCases,91.14,486.71,602.86,269.43,182.43,126.71,157,166.86,46.71,22.86,212,498.43,1026.428571,179.2857143,420.5714286,218.2857143,368.5714286,313.5714286
American Samoa,CovidCases,0,0,0,0,0,0,0,0,0,0,0,0,0.142857143,0,7.714285714,32.85714286,10.28571429,18
Arizona,CovidCases,467.86,1026.43,3920,6154,6859.57,1487.43,519.29,716.29,558.14,481.29,1332.43,2626.29,2572.285714,3092.571429,1944.714286,339.5714286,2196.142857,1215
Arkansas,CovidCases,799.29,1034,1600.71,1917.29,1835.71,560.71,182,184.14,179.14,254.57,1548.43,2242.14,472.5714286,706.7142857,875.5714286,111.2857143,800.8571429,937.7142857
California,CovidCases,3520.43,4466.86,13877.29,38331.71,21859.57,5493.86,2691,1970.43,1808.86,1483.71,7608.71,15049.86,6014.857143,6411,10055.14286,5708.142857,18128.14286,9681.714286
Colorado,CovidCases,593.43,1593,4372,2233.14,1581.29,1071.86,1132,1748.43,801.14,420.86,631,1521.57,2649.714286,1731,674.2857143,712,1958.714286,921.2857143
Connecticut,CovidCases,151.43,597.43,1587.43,1974.71,1886.43,977.86,1217,743,140.43,65,220.29,605.86,407.8571429,2568.571429,555.7142857,889.1428571,600.7142857,578.2857143
Delaware,CovidCases,101,132,478.43,633.14,579.57,273.86,253.57,270.86,82.29,18.43,62.71,335.86,305.4285714,631.5714286,252.2857143,169.1428571,235.1428571,204.5714286
Diamond Princess,CovidCases,0,0,0,0,0,0,0,0,0,0,0,0,0,0,0,0,0,0
District of Columbia,CovidCases,44.71,65.86,192.43,228.86,208.86,117.57,135.14,86,26,8.86,52.43,161.71,82,273.5714286,105.5714286,226.1428571,195,102.7142857
Florida,CovidCases,2492.71,3703.14,7638.57,9656.57,10737.14,5970.86,5093.71,5512.14,2284.43,1578.29,10452.29,21673,2080.571429,1854.857143,6053.285714,5195.857143,4327.428571,10149.14286
Georgia,CovidCases,1264.57,1562,2965.71,6400.29,6993.71,2915.86,1366,1343.71,551.14,316.86,2078.86,8621.71,1307.285714,1717,1737.714286,360.8571429,2632.142857,3346.142857
Grand Princess,CovidCases,0,0,0,0,0,0,0,0,0,0,0,0,0,0,0,0,0,0
Guam,CovidCases,30.29,76,45.14,10,6.71,2.71,2.86,7.86,4.29,8.71,4,91.57,97.14285714,8.142857143,293.7142857,28.14285714,89.42857143,45
Hawaii,CovidCases,98.86,88.14,103,98,116.43,57.86,92.71,85.86,52.43,44.57,205.14,700.14,133.8571429,230.7142857,281.2857143,248,783.1428571,317
Idaho,CovidCases,435.57,894.29,1260.86,876.14,517.71,279.14,286.86,221.29,139.57,97.71,232.71,647,1125.428571,324.7142857,1489.857143,71.85714286,404.8571429,278.8571429
Illinois,CovidCases,1961.71,4747.14,9521.43,5327.57,4403.86,1809.57,2279.57,2705.57,1056.43,249.14,1294,3533.86,2111.428571,8011.857143,2018.857143,3135.714286,3870.571429,3463.285714
Indiana,CovidCases,827.14,2271.43,5689.29,4012.43,2694.71,975.14,873.57,978.71,597.14,208.14,697,3489,1622.285714,4396.857143,975.7142857,608.2857143,1273.857143,2083.285714
Iowa,CovidCases,872,1337.29,2568,1130.43,1046.71,586.86,561.29,392.29,135.57,69.29,199.29,1016,986.7142857,1567.714286,612,179.2857143,559.8571429,704.4285714
Kansas,CovidCases,805.29,1034.14,2637.14,1607.57,1317.71,397.43,209.86,222.14,146.29,106,642.71,1689.86,799.4285714,1611.714286,499.8571429,260.4285714,591.1428571,723
Kentucky,CovidCases,704.29,1441.86,2610.57,2031.43,2659.14,1177,599.43,533.29,410.43,148.14,852.86,3822.14,1371.285714,2152.142857,2308.142857,439.4285714,1576,2152.714286
Louisiana,CovidCases,520.71,615.71,1984.71,1896.86,2547.71,900.71,476,453.29,408,295.43,2929,4684.86,508.2857143,599.8571429,958.1428571,219.7142857,1984.714286,1812.285714
Maine,CovidCases,32,46,166.43,433.43,458.14,152.43,198,352.14,126.86,24.29,61.29,175,463.2857143,1048.142857,2577.571429,278.1428571,176.1428571,243.2857143
Maryland,CovidCases,461.14,713.86,2068.14,2301.43,2029.43,780.29,1145.86,986.71,287.29,54.43,267,1049.86,761.5714286,1835.428571,651.7142857,796.2857143,1241.571429,1138.285714
Massachusetts,CovidCases,409.86,1081.86,2616.29,4222.86,4066.14,1740.86,2123.29,1352.57,339.29,54.86,487.86,1374.57,1391.714286,4925.285714,1309.571429,2801.571429,1435,1256.571429
Michigan,CovidCases,898,2335.71,7018.71,2680.14,2052,1239.86,4661.43,4856,952.57,138.57,418.29,2046.57,3791.285714,6555.571429,1866,1496.285714,1525.857143,2773.428571
Minnesota,CovidCases,991.14,1715,5867.29,1546.71,1117.86,813,1404.86,1666.86,479.43,90.57,289.43,1421,2139.285714,3316.428571,1307.714286,921.5714286,1340.571429,1375
Mississippi,CovidCases,512.86,756.43,1077,1798.43,1692.14,521.43,254.14,224.86,158.43,127,1094,3397.14,441.7142857,410.5714286,591.5714286,49.14285714,1104.285714,573.8571429
Missouri,CovidCases,1520.86,1909,3714.57,2226.43,1672.29,868.29,689.57,627,456.14,780.86,2431.71,2392.14,963.8571429,2765.857143,1031.428571,496.5714286,1661.714286,1161.571429
Montana,CovidCases,249.14,750.43,900.43,382.14,325.14,176.57,152.57,129.71,85.43,51.71,94.86,413.71,862.8571429,145.5714286,653.4285714,52.14285714,280.4285714,244.8571429
Nebraska,CovidCases,399.86,852.43,1756.29,820.86,614.57,286.43,290.86,283.14,66.14,34.29,139.71,620.29,308.4285714,829.7142857,190.4285714,111.5714286,438.4285714,402.5714286
Nevada,CovidCases,419.43,772.71,2499.43,1784.71,1247.14,389.86,269,395.86,209,391.29,897.14,1150.71,611,602.8571429,432.5714286,176.1428571,1032,363.8571429
New Hampshire,CovidCases,28.71,100.29,387.14,611.71,589.43,303.71,354.86,307.14,74.57,21.29,45.71,270.57,303.8571429,1224.428571,669,321.8571429,163.4285714,165.5714286
New Jersey,CovidCases,579.43,1622.57,4555.86,4681.14,5056.71,3047.86,4395.14,1019.29,373,234.57,712.86,2023.43,1198.285714,4827,1156.714286,2322.428571,2765.857143,2324
New Mexico,CovidCases,168.57,753.29,2077.43,1121.57,744.57,383.71,188.14,197.43,143.29,84.57,221.71,810.86,797.1428571,856,568.8571429,163.4285714,949.2857143,519.1428571
New York,CovidCases,845.43,1830.29,6497.57,10486,12751.57,7257.29,9709,4128.57,1129.14,312.29,1578.71,4403.14,3805.857143,11613.42857,2690.857143,6397.571429,5124.714286,4751
North Carolina,CovidCases,1973.29,2161.86,3671,5295.57,6014,2750.71,1466.43,1886.43,811.71,318.57,1649.57,5904,2191.571429,3201.571429,3370.714286,1201.285714,2728.285714,3422.714286
North Dakota,CovidCases,396.14,780.57,913.57,205.86,134,79.71,133.14,136.57,54.29,14,35.14,249,476.5714286,340.7142857,177.4285714,56.57142857,172.2857143,189.8571429
Northern Mariana Islands,CovidCases,0.29,0.57,0.14,0.86,0.43,1.14,0.29,0.29,0.71,0,0,0,0.285714286,146.1428571,158.8571429,6,12.42857143,10
Ohio,CovidCases,923.14,2443,9059.57,6527.14,5121.57,2097.86,1696,1522.29,795.71,258.57,696.86,3481,3526.285714,8333.428571,1355.857143,984.2857143,2308.428571,3348
Oklahoma,CovidCases,1100.86,1265.86,3271.43,2736.14,2678.57,820.43,366.29,238.29,141.14,196.43,1158.86,2271.29,801.1428571,890.8571429,880,240.8571429,910.8571429,1476.142857
Oregon,CovidCases,283.14,381.71,1262.57,970,703,384,345.86,840.43,407.71,202.57,442.57,2185.43,1101,695.4285714,989.4285714,759.1428571,1553.714286,644.4285714
Pennsylvania,CovidCases,813.86,1935.71,6993.86,7114.71,4999.71,2458.86,3582.14,3709.71,1200.57,200.57,587.29,2861.43,3955.142857,8413.857143,2293.714286,1505.142857,1760.857143,2299.857143
Puerto Rico,CovidCases,631.43,693.43,735.29,687,533,176.57,281.71,809.43,144.71,34.71,318.29,1020.29,102,154.2857143,313.1428571,3140,3396.285714,2050.285714
Rhode Island,CovidCases,80.14,399.43,850.43,767.29,733.29,353.86,390.86,266,106.14,18.71,84.86,275.57,201.2857143,1051.285714,216.8571429,356.2857143,260.8571429,243.8571429
South Carolina,CovidCases,1147.57,1012.29,1413.29,3188.14,3912.57,2194,1088.14,764.29,342.43,99.43,976.57,4246,870.1428571,1033,1502.571429,213.7142857,1517.285714,1467.428571
South Dakota,CovidCases,384.14,896.14,983.57,369,220.71,155.57,196.71,124,32.57,14.71,28,309.71,372.4285714,351,224.2857143,23.57142857,138.7142857,226.4285714
Tennessee,CovidCases,1350.29,2600.71,3939.86,5459.14,3073.57,1405.71,1167.29,1097.57,342.43,101.57,1255.57,5569.29,1280.428571,1777.428571,1895.571429,422.2857143,2170.142857,2999.857143
Texas,CovidCases,6890,6229.14,10577.57,14261.86,17666.57,7964.43,4017,3218.71,1760.86,1260.71,5613.71,16970.43,4431.285714,4552.857143,6458.285714,2782.857143,8837.428571,7422
Utah,CovidCases,956.43,1512.14,2586.86,1972.43,1757.71,689.71,419,390.29,243.29,329.57,645.14,1119.86,1478.285714,1047,615.4285714,171,968,449
Vermont,CovidCases,4.14,22.43,69.57,83.71,129.71,101.71,154.29,80.43,22.29,4.57,24.14,123,209,430.2857143,196.7142857,284.1428571,87.85714286,77.57142857
Virgin Islands,CovidCases,8.57,2,6.71,8.29,9.71,8.71,20,7.43,13,11.86,26.86,42,9.428571429,7.142857143,12.28571429,35.57142857,23.42857143,42.28571429
Virginia,CovidCases,821.86,1093.57,2562.57,3612.14,4708.86,1815.57,1494.57,1096.14,360.43,209.29,671.14,2731.14,1545.428571,2673.142857,2144.571429,1240.428571,2482.714286,2502.285714
Washington,CovidCases,556.71,728.43,2757.43,1719.57,1610.29,845.43,904.71,1398.71,1121.86,457.29,1065.86,3163.57,3042.714286,1337.428571,531.8571429,781.2857143,2610.571429,1291.857143
West Virginia,CovidCases,182.57,312.86,892.43,1157,871.14,311.29,398.14,340.86,228,60.29,133,895.43,895,1024.142857,964.8571429,147.8571429,596.5714286,853.2857143
Wisconsin,CovidCases,2011.86,4228.71,4682.86,2254.86,1783,720.57,675.14,713.29,327.57,82.71,398.43,1639.71,1996.428571,4565.714286,976.7142857,1108.714286,1602.571429,1493.428571
Wyoming,CovidCases,97.71,325.71,645.43,226.57,177.71,95.29,66.43,61,65.43,65.86,106,383.43,416.8571429,106.7142857,135.2857143,19.14285714,168.5714286,103.7142857
All states,CovidCases,41825.42857,72186.42857,168727.1429,184645,162436.1429,69387.42857,63244.85714,53940.85714,22891.57143,12385.28571,57361.28571,153408.4286,73267.42857,121832.8571,74163.28571,51158.85714,97767.57143,91118.14286
Alabama,CovidDeaths,9.14,12.43,16.43,46.14,127,42.29,12.86,8,9,4.29,5.71,18.29,32.57142857,16.71428571,45,5,4.714285714,1
Alaska,CovidDeaths,1,0.43,2.71,2.29,1.14,0.14,0.43,1.86,0,0.14,0.43,3.71,12.28571429,0.428571429,3.142857143,1.857142857,0,1.142857143
American Samoa,CovidDeaths,0,0,0,0,0,0,0,0,0,0,0,0,0,0,0,0.714285714,0,0.142857143
Arizona,CovidDeaths,22.14,7.71,23.86,71,159.29,68,24.71,11.86,12.14,10.86,7.71,19.14,51.57142857,70,68.28571429,4.142857143,7.428571429,9.285714286
Arkansas,CovidDeaths,14.86,18.43,16,34.57,43,10.14,8,2.71,3,2.71,10,29.86,12.85714286,14.71428571,20.85714286,2.714285714,4.428571429,6.285714286
California,CovidDeaths,80.71,57.86,60.29,231,536.71,424.71,215,57.57,50.57,41.86,22.43,78.86,115.8571429,61.14285714,161.4285714,47.57142857,27.28571429,52
Colorado,CovidDeaths,3.86,7.71,28,36.14,18.57,8.86,2.71,7.57,9.57,5.43,5.43,4.71,35.28571429,21,6.857142857,3,7.428571429,4.571428571
Connecticut,CovidDeaths,1.29,5.14,19,32.57,35.71,14.14,4.71,6.71,3.14,0.71,0.86,4,3,8,17,3,2.714285714,2.428571429
Delaware,CovidDeaths,1.57,3,3.71,8.43,6.14,7.43,2.14,2,1.14,1.71,0.14,2.86,4.571428571,3,6.857142857,1.571428571,0.857142857,0.428571429
Diamond Princess,CovidDeaths,0,0,0,0,0,0,0,0,0,0,0,0,0,0,0,0,0,0
District of Columbia,CovidDeaths,0.71,0.29,1.14,4.14,4.57,2.29,0.86,0.43,1,0,0.14,0.29,0.285714286,1,0.571428571,0.285714286,0,0.714285714
Florida,CovidDeaths,105,57.14,73.14,89.71,179.29,133.14,62.29,60.71,55.14,31,40.29,227.57,113,26.28571429,140.1428571,18,56.42857143,78
Georgia,CovidDeaths,45,24.29,35,42.43,123.57,87,56.57,32.71,26.14,10.57,9.14,42.43,99.85714286,16.14285714,83.71428571,19.42857143,12.42857143,22.85714286
Grand Princess,CovidDeaths,0,0,0,0,0,0,0,0,0,0,0,0,0,0,0,0,0,0
Guam,CovidDeaths,1.14,1.29,1.29,0.14,0.14,0,0,0,0,0,0,0.14,0.571428571,0.428571429,0.857142857,0,0.142857143,0
Hawaii,CovidDeaths,1.57,3.71,1.29,0.43,11.29,1,1.14,0.71,0.86,0.71,0.86,2.71,1.714285714,3.571428571,3.142857143,2.428571429,2.142857143,1.857142857
Idaho,CovidDeaths,2.71,7.14,9.43,10.86,11.29,4.71,1.86,2.57,1.43,3.29,1.71,5.14,18.57142857,6.714285714,9.714285714,1.142857143,1.714285714,2.428571429
Illinois,CovidDeaths,22.86,43,126.57,134.71,94.86,43.86,23.43,26.43,26.86,9.43,4.57,18.71,30.28571429,48.57142857,58.42857143,7.142857143,14.28571429,13.85714286
Indiana,CovidDeaths,14.29,33.57,81.86,87.14,50.14,29.43,11,8.43,8.29,3.86,1.86,20.29,30.71428571,54,44.28571429,4.142857143,7,10.71428571
Iowa,CovidDeaths,7,14.86,26.29,22.29,15.14,18.14,7.14,5.29,3.14,2.71,1.71,6,14.28571429,18.57142857,19.57142857,5,9.285714286,3.571428571
Kansas,CovidDeaths,5.57,12.57,17,13.71,20.29,17,7.14,2.14,2,2.57,6.57,19.71,10.14285714,12.71428571,5.714285714,10.42857143,0.285714286,1.571428571
Kentucky,CovidDeaths,6.57,12.29,14.57,21.57,42.71,28.43,41.86,16.57,7.86,3.29,2.57,24.57,34.85714286,34.28571429,24.28571429,16.42857143,4.571428571,10.85714286
Louisiana,CovidDeaths,14.57,14.29,22.57,32.71,43.57,21,14.14,6.57,7.57,5,10.43,61.86,18.57142857,7.285714286,32.71428571,4.571428571,2.714285714,8.428571429
Maine,CovidDeaths,0.14,0,2.43,4.71,4.57,6.43,1,1.43,1.29,0.57,2.14,2.43,3.857142857,6.857142857,20.14285714,0.571428571,0.285714286,1.285714286
Maryland,CovidDeaths,7,8.29,26.71,38.43,43.86,23,11.57,13.71,88.86,3.86,3.71,8.57,12.71428571,0,13.57142857,3.428571429,5.857142857,6.428571429
Massachusetts,CovidDeaths,13.71,18.57,26.86,57,67.86,42.57,35.43,11.71,6.86,3.43,4.14,5,11.85714286,24.85714286,33.14285714,8.714285714,10.42857143,6.857142857
Michigan,CovidDeaths,10.71,28.86,84.57,85.86,77.71,23.43,20.14,68.14,41.14,13.86,5.29,13.29,49.85714286,115.8571429,71.42857143,11.14285714,9.857142857,19.28571429
Minnesota,CovidDeaths,5.86,17.43,46.14,41.14,20.71,7.14,8.29,8.57,10,6,2.14,5.71,17.57142857,34.71428571,20.85714286,5,5.857142857,5.142857143
Mississippi,CovidDeaths,14.57,11.57,17.43,31.86,39.86,14.86,6.43,3.86,3.71,3.43,5.71,37.71,12.14285714,4.857142857,27.71428571,1.714285714,2.142857143,1.142857143
Missouri,CovidDeaths,32.71,33,39.43,55.57,39.43,31.71,11.14,9.57,11.71,4,12,34.86,16.42857143,23,64.57142857,9.857142857,8.857142857,13
Montana,CovidDeaths,2.14,7.57,9.86,6.57,15.29,2.14,3.14,2,0.86,1.57,0.43,3.43,10.85714286,12.14285714,9,5.714285714,0.571428571,2
Nebraska,CovidDeaths,3.86,7.86,12,10.86,7.86,5,5.71,2.86,-0.57,0,1.29,1.71,3.714285714,5.857142857,11.85714286,0.857142857,0.857142857,1.428571429
Nevada,CovidDeaths,7.71,4.14,15.43,26.57,38.71,15.86,9.14,9.57,4,2.57,10.86,18.29,13.71428571,15.71428571,17.71428571,26.14285714,5.571428571,3.142857143
New Hampshire,CovidDeaths,0.14,1,2.14,8.43,8,2.14,2.86,3.29,1.14,0.57,0.43,1.71,2.714285714,7.857142857,6.285714286,1.428571429,0.571428571,1.428571429
New Jersey,CovidDeaths,5.57,11.29,31.29,61.14,79.43,58.29,30.71,36.29,17.14,8.86,4.86,10.71,18,19,27.28571429,8.428571429,10.57142857,9.285714286
New Mexico,CovidDeaths,3.29,5.43,25.29,28.86,27,12.29,5.14,4.14,19,2.71,2.43,4.14,8.571428571,8.142857143,18.14285714,4.142857143,3.142857143,7.714285714
New York,CovidDeaths,29.29,12,32.86,140,185.71,113.71,84.43,60.86,22.86,6.43,5.71,22.86,37.42857143,60,54.14285714,17.28571429,18.14285714,24.14285714
North Carolina,CovidDeaths,29.29,31.29,30.57,45.86,102.14,52.29,29.71,20.86,15,10.29,6.43,37.14,47.28571429,20.57142857,55.42857143,4.142857143,1.571428571,11.85714286
North Dakota,CovidDeaths,5,9.14,11.57,5.29,4.57,1,0.86,0.57,0.57,0.71,0.14,1.14,5.571428571,4.714285714,2,0.571428571,1,2.714285714
Northern Mariana Islands,CovidDeaths,0,0,0,0,0,0,0,0,0,0,0,0,0,0.142857143,0.285714286,0,0,0
Ohio,CovidDeaths,21,38.43,136,171.43,43.71,31.43,6.29,20.29,14.14,5.43,6.14,32.29,77.28571429,126.4285714,43,4.714285714,8.142857143,13.42857143
Oklahoma,CovidDeaths,8.71,11.71,13.29,23.57,43.29,26.86,8.86,2.71,53.29,4.29,5.29,19.43,162.5714286,13.71428571,48,11.28571429,0,17.85714286
Oregon,CovidDeaths,2.43,4.43,11,12.29,13.14,8.14,1.71,3.86,7.71,1.43,1.71,15.86,15.71428571,24.42857143,19.14285714,4.285714286,8,5.428571429
Pennsylvania,CovidDeaths,20.43,23.86,65.57,166.43,174.43,61.29,25,42.43,29.29,11.86,4.57,16.14,64.71428571,117.7142857,64.57142857,17.42857143,11,11.71428571
Puerto Rico,CovidDeaths,5.29,5.57,10.14,10.57,11,10.86,2.29,8.71,4.14,0.86,1,12,2,0.571428571,5.428571429,0.857142857,7.142857143,6.571428571
Rhode Island,CovidDeaths,2.71,3.43,7.43,10.29,11,2.86,1.86,1.43,0.71,0.57,0.29,1.71,1.857142857,4.857142857,1.285714286,0.857142857,1.285714286,1
South Carolina,CovidDeaths,19.29,20.86,10.29,30.14,49.29,37.71,16.43,11.43,6,3.86,3.57,31,34.28571429,14,17.57142857,5.142857143,1.714285714,2.571428571
South Dakota,CovidDeaths,2.57,6.43,23.57,9.29,10.29,3.71,1.43,1.14,0.43,0.43,0.29,0.43,4.428571429,5.428571429,3.142857143,0.428571429,0.714285714,0.714285714
Tennessee,CovidDeaths,22.57,36.43,47.14,64.57,108.57,44.71,15.29,9.57,9.14,4.86,7.57,27.14,38.57142857,36.57142857,74.57142857,6.142857143,1.857142857,16.14285714
Texas,CovidDeaths,94.86,76,125.86,151.57,340.86,220.57,106.71,50.71,39,23.86,28.29,163.29,175.4285714,63.57142857,181.2857143,25.28571429,9,26.71428571
Utah,CovidDeaths,1.14,3.86,10.86,8.29,14.71,10.43,7.43,1.71,2.14,3.86,2.57,8,8.428571429,9.285714286,7.571428571,0.571428571,1.428571429,2.142857143
Vermont,CovidDeaths,0,0,0.57,2.57,1,1.57,0.86,0.43,0,0,0,0.57,0.714285714,3.142857143,2,0.857142857,0.428571429,0.714285714
Virgin Islands,CovidDeaths,0,0,0,0,0,0,0.14,0,0,0,0.43,1.43,0.285714286,0.142857143,0.142857143,0,0,0
Virginia,CovidDeaths,22,16.43,16.57,29.57,52.43,157,11.57,13.86,12,8.43,3.29,11.86,37,26.71428571,70.42857143,17.85714286,9.428571429,15.85714286
Washington,CovidDeaths,6.86,9.57,17,12.71,38.71,19.14,6.29,7.86,9.14,11.71,6.57,21.57,35.14285714,16.85714286,30,4.428571429,10.14285714,10.71428571
West Virginia,CovidDeaths,3.71,3.29,8.57,19.14,16.71,6.14,4,-18.14,3.29,1.86,2.43,5.57,22.57142857,12.42857143,20.28571429,4,5.571428571,3.285714286
Wisconsin,CovidDeaths,5.71,31.29,45.86,44.14,38.14,21,4.86,9.57,11.43,7.43,5.86,9,19.28571429,40,25.71428571,2,4.571428571,6.571428571
Wyoming,CovidDeaths,0.14,2.29,5.57,7.71,6.57,1.29,0.29,0.29,0.86,0.86,0.86,3.71,9.857142857,4.285714286,4.142857143,0.857142857,0.714285714,0.857142857
All states,CovidDeaths,759,855.4285714,1583.285714,2320,3293.428571,2050.428571,958.2857143,686.8571429,672.8571429,299.8571429,283,1195.714286,1623.285714,1309,1824.428571,374.7142857,332.5714286,491.2857143
