Country,Measure,t1,t2,t3,t4,t5,t6,t7,t8,t9,t10,t11,t12,t13,t14
Poland,PerceptionsRisk,3.083333333,3.535714286,3.450819672,3.75862069,3.546391753,3.345679012,3.382022472,3.163043478,2.96039604,3.24742268,3.16,3.294117647,3.318681319,3.531914894
Portugal,PerceptionsRisk,3.127659574,4,3.666666667,3.746268657,3.483870968,3.970588235,3.62745098,3.701923077,3.453703704,3.741071429,3.801652893,3.775700935,3.769230769,3.843137255
Australia,PerceptionsRisk,2.363636364,3.75,3.727272727,4,3.5,4.571428571,3.375,3.727272727,4,2.75,3.666666667,3.222222222,3.428571429,3.625
United Kingdom,PerceptionsRisk,3.193548387,4.508196721,4.217948718,4.288990826,4.022222222,3.856287425,3.630434783,3.53038674,3.497409326,3.593582888,3.805,3.843575419,3.789156627,3.878612717
Czech Republic,PerceptionsRisk,4.5,4,3.5,3.7,4.111111111,4.2,3.5,3.666666667,2.75,3,3.5,4,3.833333333,3.714285714
Greece,PerceptionsRisk,4,4.384615385,3.880952381,3.763157895,3.351351351,3.518518519,3.888888889,3.038461538,3.647058824,3.575,3.714285714,3.425,3.918918919,4.166666667
Mexico,PerceptionsRisk,2.8125,3.588235294,4.057142857,4.212121212,4.192307692,3.608695652,3.285714286,3.294117647,3,3.846153846,4.25,4.678571429,4.428571429,4.407407407
Turkey,PerceptionsRisk,,7,7,7,7,,7,,,7,7,7,7,7
Germany,PerceptionsRisk,3.25,3.25,4,4.125,3.5,3.166666667,3,3.166666667,3.166666667,3.428571429,3.125,2.571428571,3.166666667,3.714285714
United States,PerceptionsRisk,2.517241379,3.5,3.913043478,4,3.555555556,3.796610169,3.901639344,3.875,3.617647059,3.631578947,3.684210526,3.689655172,3.653846154,3.432432432
Spain,PerceptionsRisk,3.105263158,4.333333333,4.02173913,4.266666667,4.315789474,3.607142857,3.441176471,3.4,3.205882353,3.736842105,4,3.948717949,4.03125,4.2
Canada,PerceptionsRisk,2.642857143,3.333333333,3.957446809,3.825,3.571428571,3.033333333,3.257142857,3.0625,3.025641026,3.142857143,3.166666667,3.15625,3.37037037,3.5
australia,PerceptionsRisk,4,5,2,4,2,,,,,4,4,4,,
Hungary,PerceptionsRisk,2.833333333,4.5,4.65,4.285714286,4.6,3.416666667,3.153846154,3.363636364,3.066666667,2.615384615,3.294117647,3.5,3,3.578947368
Netherlands,PerceptionsRisk,4.333333333,4,4.555555556,5,5.5,4.25,3.5,3.833333333,3.666666667,3.142857143,3.4,4.5,4,3.75
Switzerland,PerceptionsRisk,6,6,4,4.5,3.666666667,3,3,3.25,2.666666667,4.25,4.333333333,4.666666667,4.666666667,4.666666667
Italy,PerceptionsRisk,4.5,3.5,3.785714286,3.5,3.692307692,3.647058824,3.263157895,3.166666667,3.157894737,3.2,3.68,3.545454545,3.263157895,3.571428571
Ireland,PerceptionsRisk,4.5,4.5,4.833333333,4.833333333,4.25,3.6,4,4,3.25,3.6,3.8,3.2,3.333333333,3.8
France,PerceptionsRisk,3,2,4.090909091,4.363636364,3.25,3.333333333,4.142857143,3.714285714,4.142857143,4.4,4.333333333,4.166666667,4.166666667,4.142857143
Sweden,PerceptionsRisk,4.333333333,5.5,4.75,5.25,4.25,3.666666667,3.5,2.75,2.25,4.333333333,3.75,4,4.333333333,4.666666667
New Zealand,PerceptionsRisk,3.5,2.5,2,2,2,4,3.666666667,3.5,3.5,1,1,1.5,2,2
Belgium,PerceptionsRisk,4,4.666666667,3.833333333,4,3.666666667,3.4,3.2,2.8,3.166666667,3.166666667,3.666666667,3.4,3.666666667,3.833333333
United kingdom,PerceptionsRisk,,,5,5.5,5.5,3.5,3,3,3,3.5,3.5,4,2,2
Slovenia,PerceptionsRisk,2.333333333,1,3.142857143,3.428571429,3,3.666666667,4.142857143,4,3.857142857,2.2,1.8,2.6,2.5,2.6
Estonia,PerceptionsRisk,4,4,3.8,3.8,3.8,3.6,4,4.25,4,2.666666667,2.833333333,2.8,2.4,3.2
Chile,PerceptionsRisk,2,5.333333333,4.4,4.8,3.75,3,3.166666667,3.5,2.2,3.4,4.5,4,4.4,3.833333333
Latvia,PerceptionsRisk,2,4.5,4.25,4.4,3.75,1,4,3.5,4,1.75,2,2,1.5,1.75
Israel,PerceptionsRisk,3,1,2.5,2.666666667,2.166666667,4.5,4.166666667,5.25,4,2.666666667,2.833333333,2.833333333,3.25,2.666666667
Luxembourg,PerceptionsRisk,2,,4,3,5.5,,,,,3,4,4,4,3
Norway,PerceptionsRisk,1,3.5,4,3,3,5,4.666666667,4.666666667,4,2,2.5,2.666666667,2.666666667,2.666666667
Denmark,PerceptionsRisk,6,4,4,3.4,3.4,3,3.333333333,3.5,5.5,3.5,3.5,2.25,3.666666667,3
Finland,PerceptionsRisk,4,3,3.6,3,3.333333333,3,2.2,2,2.5,2,2,2.666666667,2.666666667,2.666666667
Austria,PerceptionsRisk,,,4.666666667,3,4,4,3,3,3,4,5.5,5,4.5,5
Angola,PerceptionsRisk,,,4,6,,2,4,4,4,,,,4,4
Palestine,PerceptionsRisk,,,4,3,3,4,4,4,4,6,4,5,5,
czech republic,PerceptionsRisk,,,2,,,,,,,,,,,
sweden,PerceptionsRisk,,,6,5,6,5,5,4,4,,5,6,6,6
Czech republic,PerceptionsRisk,,,5,4,5,3,3,2,2,5,6,6,6,7
South Korea,PerceptionsRisk,,,2,5,3,3,3,3,3,2,2,2,2,3
World,PerceptionsRisk,3.120634921,4.038461538,3.916391639,4.001177856,3.762688615,3.69047619,3.569343066,3.474474474,3.361878453,3.482517483,3.637086093,3.649425287,3.668759812,3.772861357
Poland,PFIHumanitySharedFate,4.428571429,4.166666667,4.524590164,4.525862069,4.808080808,4.283950617,4.242105263,4.223529412,4.297029703,4.56122449,4.545454545,4.613861386,4.549450549,4.430107527
Portugal,PFIHumanitySharedFate,4.522727273,4.553191489,4.730496454,4.894736842,4.762711864,4.529411765,4.257425743,4.453703704,4.177570093,4.758928571,4.975409836,4.757009346,4.942857143,4.941176471
Australia,PFIHumanitySharedFate,4.125,5.666666667,5.181818182,5,4.636363636,4.777777778,3.875,4.7,3.888888889,4.75,5,4.875,4.857142857,5.25
United Kingdom,PFIHumanitySharedFate,4.068181818,4.03030303,4.713675214,4.821100917,4.754010695,4.692771084,4.662921348,4.633333333,4.502590674,4.668449198,4.631840796,4.702247191,4.614457831,4.549132948
Czech Republic,PFIHumanitySharedFate,3.75,5.5,4.7,4.3,4,4.8,4.6,5.5,5.5,3.142857143,3.75,3.714285714,3.833333333,4
Greece,PFIHumanitySharedFate,4.416666667,4.083333333,4.404761905,4.564102564,4.125,4.214285714,4.357142857,4.62962963,4.294117647,4.275,4.357142857,4.55,4.297297297,4.527777778
Mexico,PFIHumanitySharedFate,4.5625,5.1,5.085714286,4.878787879,5.444444444,4.428571429,4.818181818,4.7,4.65,4.884615385,4.875,4.785714286,5.107142857,5.259259259
Turkey,PFIHumanitySharedFate,5,,6,5,5,,4,,,6,6,5,6,5
Germany,PFIHumanitySharedFate,5,4.333333333,4.5,4.25,3.5,4,4.166666667,3.666666667,3.833333333,4.285714286,3.875,3.428571429,3.833333333,3.857142857
United States,PFIHumanitySharedFate,5.208333333,4.714285714,5.057971014,4.62962963,4.390243902,4.927272727,5.015625,4.867924528,4.686567164,4.789473684,4.736842105,4.724137931,5.153846154,5.216216216
Spain,PFIHumanitySharedFate,4.555555556,4.777777778,4.52173913,4.533333333,4.459459459,4.785714286,4.777777778,4.416666667,4.411764706,4.421052632,4.85,4.615384615,4.5625,4.525
Canada,PFIHumanitySharedFate,4.882352941,5.066666667,4.872340426,4.6,4.405405405,4.545454545,4.5625,4.694444444,4.153846154,4.8,4.222222222,4.53125,4.407407407,4.5625
australia,PFIHumanitySharedFate,4,3,5,4,3,,,,,4,4,4,,
Hungary,PFIHumanitySharedFate,3.4,3.5,4.35,4,4.235294118,4.818181818,4.769230769,4.3,4.6,4.769230769,3.882352941,4.125,4,4.263157895
Netherlands,PFIHumanitySharedFate,,3,3.777777778,4.142857143,4.166666667,4.666666667,4.5,4.833333333,4,4.285714286,3.8,4.333333333,4,4
Switzerland,PFIHumanitySharedFate,7,5,3.25,4.25,4,4.75,5.333333333,5.75,5,5.25,6.333333333,6.666666667,6.666666667,6.333333333
Italy,PFIHumanitySharedFate,5,4.8,4.964285714,4.846153846,4.72,4.5,4.25,4.368421053,4.105263158,4.72,5,4.818181818,5.157894737,5.047619048
Ireland,PFIHumanitySharedFate,,3,4.5,3.833333333,4.333333333,4,4,5.333333333,5,5,5.2,5,4.166666667,4.8
France,PFIHumanitySharedFate,4.333333333,3.666666667,4.636363636,4.090909091,3.8,2.5,2.428571429,2.666666667,2.714285714,3.7,4.666666667,4.5,4,4
Sweden,PFIHumanitySharedFate,4,3.333333333,3.5,4,4,4.5,4.5,3.75,4.75,5.333333333,4.25,4.5,4.333333333,5.333333333
New Zealand,PFIHumanitySharedFate,4.5,4,3.5,3.5,4,6,4.666666667,6.5,6.5,4,4.5,4.5,4,4.5
Belgium,PFIHumanitySharedFate,4,2.5,2.833333333,3.333333333,3.2,5.5,6,6,5.666666667,3.333333333,3.333333333,2.8,3.166666667,3.166666667
United kingdom,PFIHumanitySharedFate,,5,3.5,5,4.5,,3.5,3.5,3.5,4.5,3.5,3.5,5,6
Slovenia,PFIHumanitySharedFate,5,5,4.428571429,4.142857143,4.428571429,5,5.142857143,5,5,5.8,5.6,5,5.5,5.2
Estonia,PFIHumanitySharedFate,3.5,1,4.2,4,3.8,4.5,4.2,3.2,4,3.166666667,3.833333333,4,4.2,3.6
Chile,PFIHumanitySharedFate,3,5,3.2,4.2,4,3.666666667,4.5,4.666666667,4.2,4.6,4.5,4.833333333,4.6,5
Latvia,PFIHumanitySharedFate,4,,4.5,3.4,4.5,6.5,5.5,5,5,5,5.25,4.4,4.5,5.5
Israel,PFIHumanitySharedFate,3,,3.333333333,4.166666667,4.4,5,5.6,5,5.333333333,4,2.5,4.166666667,4.25,4.5
Luxembourg,PFIHumanitySharedFate,2,1,4,5,7,,,,,5,4,4,4,4
Norway,PFIHumanitySharedFate,2,1.666666667,4.333333333,2.5,3,4.666666667,4.666666667,5,5,6,3,5,5,5
Denmark,PFIHumanitySharedFate,,5,3.6,3,3,4,3,4.333333333,6,2.75,4.75,2.75,2.666666667,2.75
Finland,PFIHumanitySharedFate,3,4,4.2,4,4,4,3.8,4,6,4.333333333,4.5,4,4.333333333,4
Austria,PFIHumanitySharedFate,6,5,4.666666667,4,3.5,3,4,4,4,4.333333333,4,4.5,4.5,5
Angola,PFIHumanitySharedFate,,,3,3,,4,3,4,4,,,,4,2
Palestine,PFIHumanitySharedFate,,,7,6,2,3,4,3,3,7,7,7,7,
czech republic,PFIHumanitySharedFate,,,2,,,,,,,,,,,
sweden,PFIHumanitySharedFate,,,6,6,7,6,,5,6,,5,5,5,3
Czech republic,PFIHumanitySharedFate,,,6,6,6,,6,5,5,6,6,6,5,6
South Korea,PFIHumanitySharedFate,,,4,5,4,4,2,4,2,4,4,4,4,4
World,PFIHumanitySharedFate,4.372168285,4.317829457,4.644664466,4.625,4.589849108,4.562798092,4.516837482,4.535338346,4.408587258,4.601955307,4.624338624,4.617604618,4.634796238,4.644017725
Poland,PFIHumanityEmpathy,5.342857143,5.333333333,5.532786885,5.543103448,5.525252525,5.432098765,5.378947368,5.352941176,5.425742574,5.244897959,5.151515152,5.235294118,5.087912088,5.085106383
Portugal,PFIHumanityEmpathy,5.886363636,6.106382979,5.843971631,5.888059701,5.694915254,5.323529412,5.117647059,5.240740741,5.12037037,5.598214286,5.770491803,5.495327103,5.542857143,5.558823529
Australia,PFIHumanityEmpathy,5.5,6,5.454545455,5.454545455,5.272727273,5.888888889,5.5,5.9,5.555555556,5.625,5.555555556,5.666666667,5.714285714,5.625
United Kingdom,PFIHumanityEmpathy,5.460674157,5.484848485,5.85106383,5.697247706,5.481283422,5.63253012,5.449438202,5.35,5.295336788,5.240641711,5.273631841,5.361581921,5.28313253,5.196531792
Czech Republic,PFIHumanityEmpathy,6.25,6,5.6,5.5,5.1,5.8,5.2,5.25,5.75,4.714285714,5.125,4.571428571,5.166666667,5
Greece,PFIHumanityEmpathy,6.083333333,5.75,5.857142857,5.666666667,5.46875,5.071428571,5.285714286,5.148148148,5.264705882,5.575,5.119047619,5.3,5.486486486,5.555555556
Mexico,PFIHumanityEmpathy,5.941176471,6.3,6,5.909090909,5.888888889,5.285714286,5.363636364,5.45,5,5.615384615,5.46875,5.642857143,5.607142857,5.777777778
Turkey,PFIHumanityEmpathy,2,,1,1,2,,5,,,1,2,2,2,2
Germany,PFIHumanityEmpathy,5.666666667,5.666666667,5.625,5.625,4,5.833333333,5.5,5.5,5.833333333,5,4.5,4.142857143,4,4
United States,PFIHumanityEmpathy,5.625,5.142857143,5.927536232,5.666666667,5.243902439,5.727272727,5.671875,5.660377358,5.323529412,5.263157895,5.263157895,5.275862069,5.576923077,5.513513514
Spain,PFIHumanityEmpathy,5.111111111,5.5,5.543478261,5.2,5.081081081,5.344827586,5.611111111,5.333333333,5.441176471,5.052631579,5.15,5,5.03125,5.1
Canada,PFIHumanityEmpathy,5.941176471,5.866666667,5.659574468,5.55,5.459459459,5.242424242,5.40625,5.388888889,4.948717949,5.285714286,5.527777778,5.46875,5.148148148,5.34375
australia,PFIHumanityEmpathy,5,3,5,5,4,,,,,3,4,4,,
Hungary,PFIHumanityEmpathy,5.4,5.5,5.65,5.666666667,5.647058824,5.363636364,5.615384615,5.6,5.866666667,5.384615385,4.588235294,4.625,4.733333333,5
Netherlands,PFIHumanityEmpathy,,6,5,5,4.166666667,5.333333333,5.333333333,5.333333333,5.166666667,5.142857143,4.6,5.666666667,5.833333333,5
Switzerland,PFIHumanityEmpathy,6,6,5.5,4.75,4,5.5,5.333333333,6,5,5.25,6.333333333,6.666666667,6.666666667,6.333333333
Italy,PFIHumanityEmpathy,6.166666667,6.2,6.035714286,5.846153846,5.68,5.055555556,4.9,4.947368421,4.842105263,5.44,5.56,5.545454545,5.526315789,5.142857143
Ireland,PFIHumanityEmpathy,,5.5,6.166666667,5.666666667,6,5.8,5.333333333,5.666666667,6,5.4,5.4,5.8,5.333333333,5.4
France,PFIHumanityEmpathy,6,5.666666667,5.818181818,5.272727273,5.5,4.5,4.285714286,4,3.571428571,5.2,5.833333333,5.833333333,5.833333333,5.857142857
Sweden,PFIHumanityEmpathy,5,4.666666667,5.25,5.25,5.25,5.5,5.5,5.5,6.25,6,5,4.5,4,5.666666667
New Zealand,PFIHumanityEmpathy,4.5,5,3.5,3.5,4,6,5,7,6.5,3.5,4.5,4.5,4.5,4.5
Belgium,PFIHumanityEmpathy,5.5,3.5,4.166666667,4.5,4,6.75,7,6.666666667,6.833333333,3.5,3.833333333,3.6,3.833333333,3.5
United kingdom,PFIHumanityEmpathy,,6,5.5,6.5,5.5,,6.5,6.5,6,5,4,4,5,6
Slovenia,PFIHumanityEmpathy,7,7,5.714285714,5.857142857,5.714285714,5.166666667,5.428571429,5.166666667,5.142857143,5.2,5.6,5.2,6,5.2
Estonia,PFIHumanityEmpathy,4.5,5,5.6,5.6,4.8,5.666666667,5.4,4.8,5.4,4.5,4.833333333,4.4,4.6,4.4
Chile,PFIHumanityEmpathy,7,5.666666667,6,5.6,5.25,4.666666667,5.166666667,5.166666667,5.4,5.6,5.5,5.5,5.2,5.5
Latvia,PFIHumanityEmpathy,5,,5.75,5.4,6,7,6.75,6,6,5.75,6,5.2,6,6
Israel,PFIHumanityEmpathy,4,,4.333333333,5.5,5,5.333333333,6,5.4,5.333333333,5,4.666666667,5.166666667,4,4.666666667
Luxembourg,PFIHumanityEmpathy,6,5,5,6,7,,,,,4,5,5,5,4
Norway,PFIHumanityEmpathy,5.5,4,5.666666667,4.5,4.5,5,5.333333333,4.666666667,5,5,6,5.666666667,5,5
Denmark,PFIHumanityEmpathy,,7,5.6,4.8,5.2,5,6,6.333333333,7,4.75,5,4.25,4,4.5
Finland,PFIHumanityEmpathy,6,5,5.2,5,5,5.5,4.6,4.25,6.5,4.666666667,5.25,4.333333333,4.666666667,4.333333333
Austria,PFIHumanityEmpathy,6,7,5.666666667,5.666666667,6,5.5,4.5,4,4.5,4.666666667,5.5,5.5,5.5,5.5
Angola,PFIHumanityEmpathy,,,6,6,,4,5,4,5,,,,6,6
Palestine,PFIHumanityEmpathy,,,7,7,7,5,6,3,4,7,7,7,7,
czech republic,PFIHumanityEmpathy,,,5,,,,,,,,,,,
sweden,PFIHumanityEmpathy,,,6,6,7,6,,5,6,,6,6,5,5
Czech republic,PFIHumanityEmpathy,,,7,6,6,,7,5,5,6,6,6,5,6
South Korea,PFIHumanityEmpathy,,,5,5,5,5,2,2,3,5,5,5,5,5
World,PFIHumanityEmpathy,5.59807074,5.639534884,5.732967033,5.626619552,5.456790123,5.457142857,5.385964912,5.339849624,5.290055249,5.293296089,5.314814815,5.293948127,5.280564263,5.262536873
Poland,PFINeighEmpathy,4.235294118,3.826086957,4.549180328,4.646551724,4.686868687,4.592592593,4.8,4.709302326,4.693069307,4.591836735,4.44,4.549019608,4.43956044,4.308510638
Portugal,PFINeighEmpathy,4.363636364,4.191489362,4.673758865,4.753731343,4.686440678,4.647058824,4.450980392,4.657407407,4.277777778,4.7,4.754098361,4.598130841,4.495238095,4.774509804
Australia,PFINeighEmpathy,5,5.666666667,5.181818182,5,4.636363636,5.555555556,5.375,4.9,4.888888889,5.375,5.222222222,5,4.857142857,5
United Kingdom,PFINeighEmpathy,4.450549451,4.575757576,4.953191489,5.018348624,4.930481283,4.572289157,4.578651685,4.516666667,4.243523316,4.812834225,4.755,4.893258427,4.614457831,4.815028902
Czech Republic,PFINeighEmpathy,4,4.5,4.222222222,4.2,3.8,5.6,5,4.75,5.5,3.166666667,3.5,4,4.333333333,4.142857143
Greece,PFINeighEmpathy,4.666666667,3.461538462,4.5,4.58974359,4.53125,4.25,3.964285714,4.407407407,4.382352941,4.55,4.404761905,4.375,4.837837838,4.567567568
Mexico,PFINeighEmpathy,3.705882353,4.1,4.714285714,4.666666667,4.555555556,4.761904762,4.545454545,4.9,4.4,4.653846154,4.40625,4.142857143,4.678571429,4.777777778
Turkey,PFINeighEmpathy,1,,1,1,1,,6,,,1,1,1,1,1
Germany,PFINeighEmpathy,6,5,4.375,4.5,3.5,4.5,5,5.166666667,5,3.571428571,3.75,3.857142857,3.833333333,4
United States,PFINeighEmpathy,5.166666667,5.230769231,5.275362319,5.109090909,4.853658537,4.636363636,4.75,5,4.388059701,4.763157895,4.789473684,4.75862069,4.961538462,5.162162162
Spain,PFINeighEmpathy,4.444444444,4.222222222,4.5,4.511111111,4.567567568,4.928571429,5.027777778,5.055555556,4.617647059,4.657894737,4.375,4.58974359,4.15625,4.725
Canada,PFINeighEmpathy,4.764705882,5.2,4.893617021,5.075,4.972972973,4.515151515,4.6875,4.888888889,4.435897436,4.942857143,4.75,5.09375,4.518518519,4.96875
australia,PFINeighEmpathy,6,2,4,5,4,,,,,5,4,4,,
Hungary,PFINeighEmpathy,4.2,5.25,4.7,4.476190476,4.588235294,5.272727273,5.076923077,5.3,4.933333333,4.307692308,4,3.625,3.866666667,4.157894737
Netherlands,PFINeighEmpathy,,3.666666667,3.333333333,3,2.666666667,5.5,4.833333333,5.5,5,3.857142857,4,3.833333333,4,3.25
Switzerland,PFINeighEmpathy,5,5,3.5,3.75,4,3.75,4,4.75,5,3.5,4.666666667,4.666666667,6.333333333,5
Italy,PFINeighEmpathy,3.666666667,4.6,4.892857143,4.730769231,4.44,4.722222222,4.789473684,4.421052632,4.473684211,4.36,4.52,4.681818182,4.157894737,4.380952381
Ireland,PFINeighEmpathy,,3.5,5,5.333333333,5.333333333,4.6,4.333333333,5.333333333,4.75,5,5,5.2,5,4.8
France,PFINeighEmpathy,4.5,4.5,5,5.090909091,4.9,4.166666667,4.142857143,3.833333333,3.714285714,4.8,5.666666667,5.833333333,5.666666667,5.714285714
Sweden,PFINeighEmpathy,3,3.333333333,4.25,4.75,4,5.5,5.75,5.5,5.75,5.333333333,4,3.75,3,4.666666667
New Zealand,PFINeighEmpathy,4.5,4,3.5,3.5,4,7,4.666666667,6.5,6,4,4.5,4.5,4,4.5
Belgium,PFINeighEmpathy,2,4.5,3.666666667,3.833333333,3,6.25,6,6.333333333,5.333333333,3.5,3.166666667,3,3.166666667,3
United kingdom,PFINeighEmpathy,,4,5,3.5,3.5,,5.5,5,5,3,3.5,3.5,5,6
Slovenia,PFINeighEmpathy,1,3,4.571428571,4.571428571,4.857142857,4.5,4.428571429,4.833333333,4.285714286,6,4.8,5.6,5,4.8
Estonia,PFINeighEmpathy,4,4,4.2,4.8,3.8,4.833333333,4.8,4.4,5.2,4.333333333,4.833333333,3.8,4.4,4.2
Chile,PFINeighEmpathy,4.5,4,3.8,4.2,4.75,3,4,4.166666667,3,4.8,4.833333333,5.166666667,5,4.5
Latvia,PFINeighEmpathy,5,,5.25,5.4,5.5,6.5,6.25,5.666666667,5.666666667,5.25,5.5,5.4,5.25,6
Israel,PFINeighEmpathy,4,,3.333333333,3.333333333,4.6,4.5,5,4.8,4.333333333,4.5,4.166666667,5,4,4.5
Luxembourg,PFINeighEmpathy,1,1,4,4.5,7,,,,,2,4,4,2,3
Norway,PFINeighEmpathy,2.5,3.333333333,5,3.5,4.5,4,4.666666667,4.666666667,4.333333333,5,6,5.333333333,4.666666667,4.666666667
Denmark,PFINeighEmpathy,,4,5.4,4.6,4.8,6,5.5,6,5,4.25,4,4.25,3.666666667,4
Finland,PFINeighEmpathy,3,1,4,4.4,4.2,4.5,4.4,3.5,5,4,4.5,4,3.666666667,4
Austria,PFINeighEmpathy,6,6,5.666666667,3.666666667,4,5,4,4,4.5,2.666666667,3,3.5,3,2.5
Angola,PFINeighEmpathy,,,5,6,,4,5,4,5,,,,6,6
Palestine,PFINeighEmpathy,,,7,6,7,3,5,3,3,7,7,7,7,
czech republic,PFINeighEmpathy,,,2,,,,,,,,,,,
sweden,PFINeighEmpathy,,,6,6,7,6,,5,6,,6,5,4,6
Czech republic,PFINeighEmpathy,,,6,6,6,,5,5,4,6,6,6,6,6
South Korea,PFINeighEmpathy,,,4,5,5,2,2,2,2,5,5,5,5,5
World,PFINeighEmpathy,4.391025641,4.346303502,4.741474147,4.765882353,4.692729767,4.650238474,4.65885798,4.711711712,4.445366528,4.647966339,4.593915344,4.635971223,4.515673981,4.662739323
Poland,PFINeighSharedFate,2.911764706,2.608695652,3.280991736,3.310344828,3.577319588,3.50617284,3.547368421,3.511627907,3.475247525,3.581632653,3.6,3.663366337,3.622222222,3.655913978
Portugal,PFINeighSharedFate,2.681818182,2.680851064,3.141843972,3.496240602,3.415254237,3.81372549,3.696078431,3.694444444,3.305555556,3.693693694,3.691666667,3.654205607,3.571428571,3.941176471
Australia,PFINeighSharedFate,3,4,4.090909091,4.454545455,3.909090909,4.111111111,3,3.3,3.222222222,4.25,4.888888889,4.666666667,4.285714286,4.375
United Kingdom,PFINeighSharedFate,2.945054945,3.106060606,3.795744681,4.129032258,3.978609626,3.65060241,3.5,3.566666667,3.461139896,4.080645161,4.129353234,4.264044944,3.963855422,4.058139535
Czech Republic,PFINeighSharedFate,1.75,3,3,2.8,2.5,4.6,3.6,4.5,5.25,3.142857143,2.5,3.714285714,2.833333333,3
Greece,PFINeighSharedFate,2.916666667,2.307692308,2.857142857,3.205128205,3,3.214285714,3.107142857,3.037037037,3.529411765,3.25,3.214285714,2.925,3.108108108,3.162162162
Mexico,PFINeighSharedFate,2.352941176,2.4,3.228571429,3.151515152,3.333333333,4.19047619,3.590909091,3.85,3.6,4.153846154,3.46875,3.535714286,3.75,3.925925926
Turkey,PFINeighSharedFate,1,,1,1,1,,5,,,3,2,2,1,3
Germany,PFINeighSharedFate,3,1.666666667,3,2.625,2.333333333,4,3.833333333,3,3.833333333,3,3.125,3.285714286,2.833333333,3.142857143
United States,PFINeighSharedFate,3.791666667,3.461538462,4.217391304,4.036363636,3.87804878,3.666666667,4.125,4.150943396,3.926470588,4.184210526,3.947368421,4.344827586,4.076923077,4.324324324
Spain,PFINeighSharedFate,3.555555556,3.111111111,3.456521739,3.711111111,3.864864865,4.25,3.861111111,4.111111111,3.794117647,3.710526316,3.95,3.897435897,3.875,4.05
Canada,PFINeighSharedFate,3.470588235,3.866666667,3.829787234,4.025,4.135135135,3.424242424,3.375,3.555555556,3.41025641,4.171428571,4.055555556,4.258064516,3.703703704,3.96875
australia,PFINeighSharedFate,4,4,5,3,4,,,,,4,4,4,,
Hungary,PFINeighSharedFate,2.6,3,3.3,3.142857143,3,4.090909091,3.769230769,3.8,4.2,3.615384615,2.823529412,2.9375,2.6,2.947368421
Netherlands,PFINeighSharedFate,,1.666666667,2.555555556,2,1.5,4.666666667,3.666666667,4.166666667,3.666666667,2,3.4,2.666666667,3,2.75
Switzerland,PFINeighSharedFate,3,4,3.25,3.5,4,3.5,4,4.5,5,3.5,4.333333333,4.333333333,6,6.333333333
Italy,PFINeighSharedFate,2,3.4,3.678571429,3.269230769,3.44,4,3.842105263,3.894736842,4,3.44,3.76,3.909090909,3.421052632,3.476190476
Ireland,PFINeighSharedFate,,2.5,3.833333333,3.833333333,3.833333333,2.8,3.666666667,4,3.25,4,4.2,4.2,4,3.8
France,PFINeighSharedFate,2.666666667,2.833333333,4.090909091,3.636363636,3.7,2.5,2,2.333333333,2.142857143,3.4,4.333333333,4.5,3.166666667,3.428571429
Sweden,PFINeighSharedFate,2,2.666666667,3.75,3.5,3.25,4.5,3.75,4,4.25,4,3.25,3.25,2.666666667,3.666666667
New Zealand,PFINeighSharedFate,4.5,4,3.5,3,4,7,4,5.5,5.5,4,4,4.5,4,4.5
Belgium,PFINeighSharedFate,1.5,1,2.166666667,2.333333333,2,4,4.333333333,5.333333333,4.166666667,2.333333333,2.333333333,2.6,2.333333333,2.333333333
United kingdom,PFINeighSharedFate,,3,2,2.5,3,,3,3,3.5,3,3.5,3.5,4,6
Slovenia,PFINeighSharedFate,2,2,4.285714286,4.142857143,4,3.666666667,4,3.833333333,4,4.8,5,5.6,4.5,5
Estonia,PFINeighSharedFate,2.5,1,2.4,2.6,2.4,3.833333333,3.8,4.2,4,3.666666667,3.666666667,2.8,4.25,2.8
Chile,PFINeighSharedFate,3.5,2,2.8,2.8,3.5,2.333333333,3.5,3.5,3.2,3.4,3.333333333,3.666666667,3.4,2.833333333
Latvia,PFINeighSharedFate,1,,2.75,3.4,3.75,6,4.75,5,3.666666667,3,2.75,3.2,3.25,3.75
Israel,PFINeighSharedFate,2,,2.666666667,2.5,3.4,3.333333333,3.8,3.8,3.666666667,3.833333333,3.166666667,4.166666667,4.25,4
Luxembourg,PFINeighSharedFate,1,1,4,4,7,,,,,2,3,2,1,2
Norway,PFINeighSharedFate,2.5,1,2.333333333,2.5,2.5,4.333333333,4,4.666666667,3.666666667,3,2.5,3,3,2.666666667
Denmark,PFINeighSharedFate,,5,2.6,2.6,2.6,4,4,3,4.5,2,3.25,2.25,2.666666667,2
Finland,PFINeighSharedFate,2.5,1,3.2,3.2,3.2,3.25,3.6,2.75,5,3.333333333,3.25,3.666666667,3.666666667,2.666666667
Austria,PFINeighSharedFate,3,3,4,3,3,2.5,4,4,3,2.333333333,2,2,1.5,1
Angola,PFINeighSharedFate,,,2,2,,4,3,4,4,,,,3,3
Palestine,PFINeighSharedFate,,,4,3,3,2,4,3,3,3,3,3,3,
czech republic,PFINeighSharedFate,,,1,,,,,,,,,,,
sweden,PFINeighSharedFate,,,3,3,6,6,,5,6,,3,2,3,2
Czech republic,PFINeighSharedFate,,,6,6,5,,4,4,5,6,6,6,6,6
South Korea,PFINeighSharedFate,,,4,4,4,2,2,2,1,4,3,4,4,4
World,PFINeighSharedFate,2.926282051,2.887159533,3.484048405,3.613207547,3.603851444,3.703349282,3.625183016,3.681681682,3.571823204,3.759103641,3.760264901,3.823953824,3.65408805,3.800590842
Poland,NBTNeigh,4.914285714,5.25,5.180327869,5.32173913,5.151515152,4.962962963,5.294736842,5.104651163,5.178217822,4.969387755,5.14,5.147058824,5.131868132,5.042553191
Portugal,NBTNeigh,5.681818182,5.829787234,5.290780142,5.335820896,5.161016949,5.039215686,5.107843137,5.055555556,4.935185185,4.857142857,5.032786885,4.906542056,5.019047619,4.852941176
Australia,NBTNeigh,5.875,4.833333333,5,5.272727273,5.272727273,5.777777778,5.5,5.6,5,5,4.888888889,5.111111111,5.142857143,4.75
United Kingdom,NBTNeigh,5.714285714,6,5.604255319,5.47706422,5.229946524,5.174698795,5.168539326,5.05027933,5.119170984,5.20855615,5.109452736,5.072625698,4.837349398,5.052023121
Czech Republic,NBTNeigh,5.5,5.5,5.2,5.4,5.3,5.8,5,5.5,5.5,4.142857143,4.375,4.428571429,4.5,5
Greece,NBTNeigh,5.75,6.076923077,5.357142857,5.205128205,5.3125,4.592592593,4.785714286,4.925925926,4.705882353,5.175,4.928571429,5,5.081081081,4.945945946
Mexico,NBTNeigh,5.411764706,5.5,5.4,5.242424242,5.259259259,5.333333333,5.090909091,5.15,5.15,5.269230769,4.875,4.964285714,4.857142857,5.185185185
Turkey,NBTNeigh,5,,3,4,5,,5,,,1,1,1,1,1
Germany,NBTNeigh,6,6,4.5,4.75,3.166666667,5.166666667,4.833333333,5,5.666666667,3.857142857,3.875,3.857142857,3.833333333,4.571428571
United States,NBTNeigh,5.958333333,5.538461538,5.492753623,5.272727273,5.170731707,5.4,5.15625,5.264150943,5.132352941,5.184210526,5.131578947,5.275862069,5.038461538,5.351351351
Spain,NBTNeigh,5.5,5.888888889,5.304347826,5.111111111,5.405405405,5.344827586,5.277777778,5.111111111,5.088235294,5.105263158,5,5.051282051,4.875,5.25
Canada,NBTNeigh,6,6.066666667,5.382978723,5.475,5.378378378,4.424242424,4.71875,4.972222222,4.820512821,5.628571429,5.388888889,5.34375,5.296296296,5.21875
australia,NBTNeigh,6,5,4,4,4,,,,,4,4,4,,
Hungary,NBTNeigh,4.6,5,4.9,4.80952381,4.294117647,5.272727273,5.307692308,5.3,5.266666667,4.153846154,4.058823529,4.1875,3.8,4.105263158
Netherlands,NBTNeigh,,5,6,5.571428571,5,6.333333333,5.5,6,5.333333333,5.142857143,5,5.833333333,5.333333333,5.75
Switzerland,NBTNeigh,7,7,5,4.5,4.5,5,4.333333333,5,6,4.75,4.666666667,5.666666667,5.666666667,5.666666667
Italy,NBTNeigh,5.666666667,6,5.714285714,4.961538462,4.92,5.111111111,4.9,5.105263158,4.894736842,4.96,4.8,4.727272727,4.684210526,4.523809524
Ireland,NBTNeigh,,5.5,6.166666667,6,5.666666667,6,5.666666667,6,6.25,6,5.6,6.2,6,5.8
France,NBTNeigh,6.833333333,6,5.272727273,5.363636364,5.8,4.166666667,4.428571429,4.666666667,4.142857143,5.6,5.666666667,5.5,5.5,5.285714286
Sweden,NBTNeigh,5,5.666666667,6,5,4.75,6,4.5,4,5.25,5.333333333,4.25,4.25,3.333333333,3.666666667
New Zealand,NBTNeigh,4.5,4,4,5,5,7,4.666666667,6.5,6.5,4.5,5,4.5,5,4.5
Belgium,NBTNeigh,4.5,4,4.833333333,4.833333333,4.6,6.25,4.666666667,5.666666667,5.333333333,4.5,4.333333333,4,4.333333333,4
United kingdom,NBTNeigh,,7,6,5.5,5,,6.5,7,6,6.5,6.5,6.5,7,7
Slovenia,NBTNeigh,5,7,6.142857143,5.428571429,5.857142857,5,5.285714286,4.833333333,4.714285714,5.4,6.2,6,5.75,5.8
Estonia,NBTNeigh,5,4,5,4.8,4.6,5.666666667,5.8,5.8,5.8,4,4.333333333,4.6,4.8,4.6
Chile,NBTNeigh,6.5,6.333333333,4.8,5.6,6,4.333333333,4.833333333,4.666666667,4,5.6,5.833333333,5.5,5.4,5.666666667
Latvia,NBTNeigh,7,,4.5,4.8,5.5,5.5,5.75,6,5.333333333,5.25,5.25,5.6,4.5,4.5
Israel,NBTNeigh,6,,4.833333333,5.666666667,5,4.5,4.6,5,4.833333333,5.833333333,5.5,5.333333333,4.25,5.5
Luxembourg,NBTNeigh,6,7,4,6,7,,,,,2,4,4,4,3
Norway,NBTNeigh,6,5,6,5.5,5,4.666666667,4.666666667,4.333333333,4.333333333,6,6,5,5.666666667,5.333333333
Denmark,NBTNeigh,,4,5.2,4.2,5.4,4,3.5,4.333333333,5.5,4.25,4.25,4.5,4.333333333,5
Finland,NBTNeigh,5,5,5.2,5.4,4.6,4.75,4.6,4,6,3,4.25,3.666666667,3.666666667,4
Austria,NBTNeigh,6,7,5,5.333333333,5,5.5,5,6,5,4.666666667,5.5,5,5.5,3.5
Angola,NBTNeigh,,,6,7,,5,5,5,6,,,,6,5
Palestine,NBTNeigh,,,7,7,7,4,4,4,3,7,7,7,7,
czech republic,NBTNeigh,,,2,,,,,,,,,,,
sweden,NBTNeigh,,,6,6,6,6,,6,6,,6,6,6,6
Czech republic,NBTNeigh,,,5,5,5,,6,5,5,6,6,6,6,2
South Korea,NBTNeigh,,,7,6,5,5,5,5,5,7,6,7,7,6
World,NBTNeigh,5.616613419,5.755813953,5.38021978,5.314487633,5.182441701,5.111287758,5.115497076,5.096240602,5.069060773,5.062849162,5.033025099,5.033045977,4.940438871,4.994108984
Poland,WillingnessNeigh,2.941176471,3.333333333,3.319672131,3.5,3.454545455,2.987654321,3.042105263,3.174418605,3.01980198,3.448979592,3.3,3.225490196,3.311111111,3.127659574
Portugal,WillingnessNeigh,3.790697674,3.14893617,3.354609929,3.440298507,3.279661017,3.274509804,3.107843137,3.277777778,3.194444444,3.133928571,3.204918033,3.130841121,3.104761905,3.117647059
Australia,WillingnessNeigh,2.5,2.833333333,3.545454545,3.636363636,3.727272727,3.555555556,3.5,3.3,2.666666667,3.375,3.777777778,3.666666667,3.142857143,3.375
United Kingdom,WillingnessNeigh,2.633333333,2.712121212,3.072340426,3.087155963,2.839572193,3.295180723,3.033707865,3.161111111,3.057291667,2.780748663,2.686567164,2.798882682,2.614457831,2.703488372
Czech Republic,WillingnessNeigh,2.75,3,3.3,3.1,3.9,4.8,3.4,4.5,4.75,2.857142857,3.25,3,2.833333333,3
Greece,WillingnessNeigh,3.25,3.538461538,3.285714286,3.641025641,3.419354839,2.571428571,3.178571429,3,2.735294118,3.375,3.047619048,3.175,3,2.972972973
Mexico,WillingnessNeigh,2.705882353,3.2,3.657142857,3.515151515,3.592592593,3.142857143,2.636363636,2.55,2.5,2.961538462,2.96875,2.678571429,2.714285714,2.846153846
Turkey,WillingnessNeigh,1,,1,1,1,,5,,,1,1,1,1,1
Germany,WillingnessNeigh,4.666666667,4.333333333,3,3.5,2.333333333,4.5,3.666666667,3.5,3.166666667,3.142857143,3.25,2.857142857,2.833333333,3
United States,WillingnessNeigh,3.75,3.384615385,3.507246377,3.090909091,2.853658537,3.527272727,3.5,3.245283019,3.235294118,3.026315789,2.815789474,3.172413793,3.038461538,3.135135135
Spain,WillingnessNeigh,3.555555556,3.388888889,3.652173913,3.555555556,3.540540541,3.357142857,3.138888889,3.333333333,2.882352941,3.552631579,3.575,3.487179487,3.375,3.35
Canada,WillingnessNeigh,3.058823529,3.333333333,2.914893617,3.275,2.648648649,2.848484848,3.1875,3.361111111,3.128205128,3.085714286,2.861111111,3.03125,2.925925926,2.65625
australia,WillingnessNeigh,3,4,4,2,4,,,,,4,4,4,,
Hungary,WillingnessNeigh,2.2,3.5,3.45,3.476190476,2.647058824,3.454545455,3.615384615,3.6,3.466666667,2.923076923,2.823529412,2.75,2.533333333,2.789473684
Netherlands,WillingnessNeigh,,3.666666667,3.666666667,3.285714286,2.333333333,4,3,3.5,3.166666667,2.285714286,2.2,3,3.166666667,2
Switzerland,WillingnessNeigh,7,7,2.75,2.5,1,3.25,3,3,3.666666667,2.25,2.333333333,2.333333333,2.333333333,2.333333333
Italy,WillingnessNeigh,2.666666667,3.4,4.285714286,3.807692308,3.88,3.833333333,3.4,3.736842105,3.368421053,3.48,3.32,3.409090909,3.157894737,3.238095238
Ireland,WillingnessNeigh,,2.5,4.166666667,3.833333333,3.666666667,3.4,4,4,4,3,3.4,3.2,3.5,3
France,WillingnessNeigh,5.833333333,5.333333333,4.545454545,4.818181818,4.8,2.166666667,2.428571429,1.5,2.142857143,4.1,4,4,4,3.857142857
Sweden,WillingnessNeigh,6,3,3.5,3.5,3.25,2.5,2.25,2,2.5,4,3.25,3.5,3.333333333,4
New Zealand,WillingnessNeigh,2.5,1,1,1,1,7,4,6,5.5,1.5,1,1.5,1,1.5
Belgium,WillingnessNeigh,1.5,1.5,2.666666667,3.333333333,2.8,4,4,3,3.166666667,2.5,2.333333333,2.4,2.166666667,2.166666667
United kingdom,WillingnessNeigh,,1,1.5,1.5,1,,4.5,5.5,4,1,1,1,1,1
Slovenia,WillingnessNeigh,1,7,4.714285714,4.285714286,5,2.333333333,2.285714286,1.833333333,2.285714286,4,4.2,4.6,5.5,4.2
Estonia,WillingnessNeigh,1.75,2,2.2,2.2,1.8,3.833333333,4.2,5,4.2,2.5,3.166666667,2,3.2,2.4
Chile,WillingnessNeigh,3.5,2.666666667,2.2,2.6,3,1,1.5,1.666666667,1.4,3.4,3.166666667,2.333333333,2.6,1.833333333
Latvia,WillingnessNeigh,1,,1.75,1.6,1.5,3.5,3.75,5,3.666666667,1,1.5,1.8,1.5,1.25
Israel,WillingnessNeigh,1,,3.833333333,4.833333333,4.4,2.5,2,2.4,2.166666667,4.833333333,4.666666667,4.833333333,3.75,4.833333333
Luxembourg,WillingnessNeigh,4,3,5,5,7,,,,,5,4,5,3,4
Norway,WillingnessNeigh,3,2.333333333,5,4,3,3,2,2,2.333333333,5,5,4.333333333,5,4.333333333
Denmark,WillingnessNeigh,,4,3.8,3.4,4.4,2.5,1.5,3.666666667,4.5,4,3.25,4.5,4.333333333,4.25
Finland,WillingnessNeigh,1.5,1,3.4,2.2,2.2,2.25,2.2,2,1.5,1.333333333,2.25,2.666666667,2.333333333,2.666666667
Austria,WillingnessNeigh,6,6,4,4.666666667,5,5,4,3,3,4,4.5,4.5,4,3
Angola,WillingnessNeigh,,,5,6,,2,2,2,2,,,,5,4
Palestine,WillingnessNeigh,,,7,7,7,1,1,1,1,7,7,7,7,
czech republic,WillingnessNeigh,,,1,,,,,,,,,,,
sweden,WillingnessNeigh,,,5,5,6,6,,6,6,,6,7,6,6
Czech republic,WillingnessNeigh,,,5,5,5,,5,5,5,6,6,6,6,2
South Korea,WillingnessNeigh,,,5,5,4,4,2,2,2,6,6,6,6,6
World,WillingnessNeigh,3.093548387,3.170542636,3.338461538,3.364705882,3.197802198,3.236883943,3.108187135,3.1996997,3.065006916,3.124301676,3.054161162,3.08908046,3,2.979320532
Poland,NBTHumanity,5.058823529,4.875,4.803278689,4.913793103,4.797979798,4.827160494,5.010526316,4.837209302,4.97029703,4.551020408,4.75,4.882352941,4.758241758,4.712765957
Portugal,NBTHumanity,5.568181818,5.695652174,5.106382979,5.156716418,4.991525424,4.833333333,5,4.935185185,4.62037037,4.821428571,4.918032787,4.757009346,4.771428571,4.823529412
Australia,NBTHumanity,5.5,4.666666667,5.181818182,5.090909091,5.272727273,5.333333333,5.375,5,4.777777778,5.125,4.666666667,5,4.857142857,4.75
United Kingdom,NBTHumanity,5.6,5.742424242,5.510638298,5.233944954,5.096256684,5.102409639,5.095505618,5.005555556,4.958549223,5.021390374,5.054726368,4.938547486,4.84939759,4.976878613
Czech Republic,NBTHumanity,5,5.5,5.3,5.1,5.5,5.8,5,4.75,5.75,4.571428571,4.125,4.428571429,4.333333333,4.714285714
Greece,NBTHumanity,5.083333333,5,5.238095238,5.025641026,5.125,4.821428571,4.333333333,4.740740741,4.705882353,4.9,5,4.975,4.864864865,4.837837838
Mexico,NBTHumanity,5.235294118,5.7,5.257142857,5.303030303,5.111111111,4.476190476,5.136363636,5.25,5.1,5.115384615,4.84375,4.5,4.892857143,4.962962963
Turkey,NBTHumanity,3,,3,3,4,,3,,,1,1,1,1,1
Germany,NBTHumanity,4,6,4.375,5.75,3.833333333,5.166666667,4.833333333,5,5.5,4.714285714,4.375,4.142857143,4.333333333,5
United States,NBTHumanity,5.583333333,5.214285714,5.492753623,4.963636364,4.975609756,5.145454545,4.96875,5.169811321,4.852941176,4.947368421,5.052631579,5.172413793,4.576923077,5
Spain,NBTHumanity,5.166666667,5.777777778,5.391304348,5.066666667,5.027027027,5.344827586,4.861111111,5.138888889,5.117647059,4.868421053,4.75,5.076923077,4.71875,5.025
Canada,NBTHumanity,5.941176471,5.666666667,5.234042553,4.95,5,4.181818182,4.53125,4.805555556,4.615384615,5.342857143,5.166666667,5.09375,5.074074074,4.9375
australia,NBTHumanity,5,4,4,4,5,,,,,4,4,4,,
Hungary,NBTHumanity,3.8,4.75,4.45,4.523809524,4,4.636363636,5,4.8,5,3.923076923,3.588235294,3.75,3.4,3.684210526
Netherlands,NBTHumanity,,6,6.555555556,5.571428571,4.666666667,5.5,4.833333333,5.666666667,5.5,5.571428571,5.8,5.5,5.833333333,4
Switzerland,NBTHumanity,7,7,5.25,4.75,4,4.75,3.333333333,4.25,5.333333333,5,4.333333333,5.333333333,5.333333333,5.333333333
Italy,NBTHumanity,5.5,5.8,5.535714286,4.384615385,4.76,5,4.5,4.736842105,4.684210526,4.88,4.68,4.909090909,4.526315789,4.380952381
Ireland,NBTHumanity,,4.5,6,6,5.166666667,6,5.666666667,6.333333333,6.25,5.8,5.6,6,5.666666667,5.6
France,NBTHumanity,5.333333333,5.333333333,5.181818182,5,5.4,4.166666667,4.142857143,4.166666667,3.285714286,5.3,5.333333333,5.5,5.333333333,5.285714286
Sweden,NBTHumanity,6,5.666666667,6.5,5.25,5,5,4.75,4.5,5,5.333333333,4.75,4.75,4.333333333,5.666666667
New Zealand,NBTHumanity,4.5,4,4.5,5,5,6,4.666666667,6,6,5,4.5,4.5,5.5,4.5
Belgium,NBTHumanity,4.5,3,4,4.5,4.6,6.25,5,4.333333333,4.833333333,4.166666667,4,3.8,4,3.666666667
United kingdom,NBTHumanity,,7,6,6.5,6,,6,7,6,6.5,6.5,6.5,7,7
Slovenia,NBTHumanity,5,5,5.571428571,5.285714286,5.857142857,5,5.142857143,5.333333333,4.666666667,4.8,5.4,5.4,5,4.8
Estonia,NBTHumanity,4.75,4,5.4,4.4,4.4,4.833333333,4.2,4.6,4.8,4,4.666666667,4,4.8,4.6
Chile,NBTHumanity,6,5.666666667,4.2,6.4,5.75,5,5,4.833333333,5.2,4.6,5.666666667,5.166666667,5.2,5.333333333
Latvia,NBTHumanity,6,,4.75,4,5,4.5,5.75,6.333333333,5.666666667,5.25,5,5.2,4.75,4.75
Israel,NBTHumanity,5,,5.5,5,5.4,4.333333333,4,5,4.833333333,5,5.166666667,4.833333333,4.5,5.333333333
Luxembourg,NBTHumanity,6,4,3,4.5,7,,,,,2,2,4,2,2
Norway,NBTHumanity,4,3.666666667,5.333333333,3.5,5,4.333333333,4.333333333,4.333333333,4,6,6.5,4,4,4.333333333
Denmark,NBTHumanity,,5,4.8,4.4,5.2,4,2,4.333333333,5,4.75,5,4.25,4,4.75
Finland,NBTHumanity,6,5,5,5,4.8,4.5,4.2,3.75,6.5,4.666666667,4.75,4.333333333,4.666666667,5
Austria,NBTHumanity,6,6,5,5,5,5.5,5,5,5,4.666666667,5,5.5,5,5
Angola,NBTHumanity,,,6,7,,5,5,5,6,,,,6,5
Palestine,NBTHumanity,,,7,7,7,4,4,4,3,7,7,7,7,
czech republic,NBTHumanity,,,6,,,,,,,,,,,
sweden,NBTHumanity,,,5,5,6,5,,6,6,,6,6,6,6
Czech republic,NBTHumanity,,,5,4,4,,5,5,5,6,6,6,6,2
South Korea,NBTHumanity,,,6,6,5,6,5,5,5,7,6,7,7,6
World,NBTHumanity,5.392282958,5.459143969,5.247252747,5.069411765,4.991769547,4.93968254,4.916544656,4.959459459,4.883817427,4.888268156,4.904887715,4.875,4.777429467,4.833578792
Poland,WillingnessHumanity,2.2,2.458333333,2.631147541,2.739130435,2.696969697,2.617283951,2.694736842,2.744186047,2.693069307,2.93877551,2.75,2.696078431,2.791208791,2.744680851
Portugal,WillingnessHumanity,2.318181818,2.565217391,2.886524823,2.925373134,2.846153846,2.960784314,2.803921569,3,2.861111111,2.783783784,2.786885246,2.878504673,2.752380952,2.803921569
Australia,WillingnessHumanity,2,2.5,3,3.272727273,3.636363636,3.444444444,3.5,3,2.888888889,3.25,3.666666667,3.444444444,3.142857143,3.375
United Kingdom,WillingnessHumanity,2.1,2.212121212,2.8,2.917050691,2.673796791,3.024096386,2.792134831,2.966666667,2.833333333,2.668449198,2.59,2.698324022,2.608433735,2.612716763
Czech Republic,WillingnessHumanity,1.75,3.5,3.3,3.6,4,4.8,3.6,4.25,4.5,2.714285714,3,3,3,3.285714286
Greece,WillingnessHumanity,1.916666667,2.5,3,3.179487179,3.0625,2.75,2.821428571,2.62962963,2.558823529,2.8,2.928571429,2.65,2.513513514,2.837837838
Mexico,WillingnessHumanity,2.411764706,2.9,3.514285714,3.454545455,3.518518519,2.619047619,2.5,2.45,2.3,2.769230769,2.71875,2.464285714,2.535714286,2.518518519
Turkey,WillingnessHumanity,1,,1,1,1,,2,,,1,1,1,1,1
Germany,WillingnessHumanity,4,5,2.875,3.875,2.5,3.833333333,3.333333333,3,3.166666667,3.714285714,3.375,3,3,3.571428571
United States,WillingnessHumanity,3,3.642857143,3.347826087,3.109090909,2.902439024,3.327272727,3.203125,3.188679245,2.970588235,2.868421053,2.763157895,3.034482759,2.807692308,2.972972973
Spain,WillingnessHumanity,3.388888889,2.611111111,3.326086957,3.311111111,3.459459459,3.103448276,2.916666667,3.083333333,2.676470588,3.342105263,3.4,3.256410256,3.28125,3.325
Canada,WillingnessHumanity,2.647058824,3.066666667,2.872340426,3.025,2.648648649,2.696969697,2.9375,3.25,2.769230769,2.971428571,2.75,2.78125,2.592592593,2.40625
australia,WillingnessHumanity,2,4,4,1,5,,,,,4,4,5,,
Hungary,WillingnessHumanity,1.8,2.25,2.85,2.952380952,2.294117647,2.818181818,3.384615385,2.8,2.866666667,2.769230769,2.411764706,2.5,2.266666667,2.578947368
Netherlands,WillingnessHumanity,,3.666666667,3.777777778,3.285714286,2.666666667,3.333333333,2.666666667,3.166666667,3,2.428571429,2.2,2.833333333,3.166666667,2
Switzerland,WillingnessHumanity,6,6,2.25,2,1,2,2,1.75,1.333333333,2,2.333333333,2.333333333,2.333333333,2.333333333
Italy,WillingnessHumanity,2.333333333,3.8,3.892857143,3.076923077,3.16,3.611111111,3.45,3.578947368,3.263157895,3.2,3.12,3.136363636,3.052631579,2.857142857
Ireland,WillingnessHumanity,,1.5,2.833333333,2.666666667,2.833333333,3.2,4,4,3.75,2.8,3,2.8,2.5,2.8
France,WillingnessHumanity,3.666666667,3.5,4,3.909090909,4,2.5,1.571428571,1.666666667,1.571428571,3,3.333333333,3.5,3.333333333,3.285714286
Sweden,WillingnessHumanity,6,3,4,3.75,3.25,2.5,2.5,2.25,2.5,4,3.75,3.5,3,4.333333333
New Zealand,WillingnessHumanity,2.5,1,1,1,1,3,2.666666667,3.5,3.5,1.5,1,1.5,1,1.5
Belgium,WillingnessHumanity,1.5,1.5,2,2.166666667,1.6,3.5,3.333333333,3,3,1.833333333,1.666666667,1.6,1.666666667,1.666666667
United kingdom,WillingnessHumanity,,1,1.5,1.5,1,,4.5,6,4,1,1,1,1,1
Slovenia,WillingnessHumanity,1,3,3.428571429,3.571428571,3.714285714,2.333333333,2.285714286,2,2.166666667,2.8,3.4,4,3,3.4
Estonia,WillingnessHumanity,1.5,1,2,2,1.6,2.833333333,2.4,3.6,2.8,2.333333333,3.166666667,2,3,1.8
Chile,WillingnessHumanity,1.5,2.666666667,2,2.2,3,1,1.5,1.666666667,1.4,3.2,2.833333333,1.833333333,2.2,1.166666667
Latvia,WillingnessHumanity,2,,2.25,1.8,1.5,3.5,3.75,4.333333333,4.333333333,1,1,1.2,1,1
Israel,WillingnessHumanity,1,,4,3,3.6,2,1.6,2.2,2,3.5,3.5,4,4,4.833333333
Luxembourg,WillingnessHumanity,4,2,2,3.5,7,,,,,3,1,2,1,1
Norway,WillingnessHumanity,2,1.666666667,3.666666667,2,3,2.666666667,1.333333333,1.666666667,1.333333333,5,3.5,3,3,2.666666667
Denmark,WillingnessHumanity,,4,3.6,3.4,4.2,1.5,2,3,4,4.25,3.5,4.5,3.666666667,4.25
Finland,WillingnessHumanity,1.5,1,2.8,1.8,2.2,2.25,1.6,1.75,1,3,2.5,3.333333333,3.333333333,3.666666667
Austria,WillingnessHumanity,4,5,4,3.666666667,4.5,4.5,3.5,1,3,3.666666667,4.5,4.5,4.5,3
Angola,WillingnessHumanity,,,6,6,,2,2,2,2,,,,4,4
Palestine,WillingnessHumanity,,,7,7,7,1,1,1,1,7,7,7,7,
czech republic,WillingnessHumanity,,,5,,,,,,,,,,,
sweden,WillingnessHumanity,,,3,5,5,5,,6,6,,2,2,2,2
Czech republic,WillingnessHumanity,,,5,4,4,,4,5,4,6,6,6,6,2
South Korea,WillingnessHumanity,,,5,5,4,3,3,2,3,6,6,6,6,6
World,WillingnessHumanity,2.375,2.642023346,2.984615385,2.991745283,2.884615385,2.949206349,2.826023392,2.941441441,2.788088643,2.855944056,2.794973545,2.814655172,2.735109718,2.762886598
Angola,Covid_cases,,,,4,0,10,5,23,50,83,116,229,408,255
Australia,Covid_cases,45,187,1592,2187,307,105,105,78,61,225,1354,2601,3189,1524
Austria,Covid_cases,36,363,3074,4798,1313,410,304,199,218,266,665,798,709,1863
Belgium,Covid_cases,108,520,3026,9486,9471,4192,2393,1376,846,659,631,2021,3999,3599
Canada,Covid_cases,62,355,3143,8694,11843,10885,7942,6187,3001,2324,2065,3399,2512,2791
Chile,Covid_cases,11,75,749,2178,2996,6676,17808,38433,41283,31018,20182,14746,13365,11806
Czechia,Covid_cases,18,170,998,1812,817,403,360,340,424,850,675,1357,1536,1899
Denmark,Covid_cases,22,804,614,1711,1254,962,539,344,215,284,114,265,653,756
Estonia,Covid_cases,9,105,144,386,201,64,37,44,42,5,21,12,75,81
Finland,Covid_cases,16,251,572,806,768,653,417,179,64,59,39,56,150,222
France,Covid_cases,559,3545,14625,31395,90453,9986,3408,6483,3454,3417,3715,5842,10093,22743
Germany,Covid_cases,586,3000,20280,37408,20305,9265,5221,3346,2344,4108,2460,3592,5683,9254
Greece,Covid_cases,41,182,356,778,215,114,109,39,63,110,261,183,834,1523
Hungary,Covid_cases,,26,137,323,573,499,260,154,74,52,55,109,127,256
Ireland,Covid_cases,18,111,1106,2152,5891,2615,1288,347,112,63,102,119,535,717
Israel,Covid_cases,31,119,1056,4308,2639,767,169,344,1256,2834,8784,11885,10122,9698
Italy,Covid_cases,3748,15274,37670,33329,24857,13977,6492,3337,1850,1861,1408,1648,2271,4698
Latvia,Covid_cases,,25,148,213,70,67,67,19,11,4,50,17,50,18
Luxembourg,Covid_cases,2,49,959,1007,257,101,53,26,28,112,366,706,376,323
Mexico,Covid_cases,5,35,312,971,3031,8246,13684,21656,29071,37600,43103,46123,41709,38502
Netherlands,Covid_cases,182,870,4363,6885,7183,2729,1369,1206,1209,554,401,1294,3515,3620
New Zealand,Covid_cases,3,1,143,500,126,18,5,0,0,15,11,3,4,52
Norway,Covid_cases,102,943,1400,1615,623,310,138,91,97,104,51,83,346,334
Palestine,Covid_cases,,19,20,103,40,11,1,24,25,1031,2096,2102,1768,2323
Poland,Covid_cases,,98,663,1994,2424,2102,2606,2640,3031,2094,1802,2876,4821,5091
Portugal,Covid_cases,,149,1914,5618,3550,,1404,1732,2112,2348,2652,1565,1227,1471
Slovenia,Covid_cases,,174,205,302,144,51,11,5,8,53,148,126,76,216
South Korea,Covid_cases,4256,1045,717,730,185,65,176,278,309,294,326,405,232,2081
Spain,Covid_cases,368,5891,28137,53480,32566,10677,7120,4310,2295,2531,3363,12166,25840,43241
Sweden,Covid_cases,135,815,1133,3112,3690,3869,3893,4225,7185,7375,2407,1384,1980,1693
Switzerland,Covid_cases,206,1091,7177,6678,2527,923,321,120,138,312,619,810,1039,1703
Turkey,Covid_cases,,,1825,15223,31517,16602,10952,7417,7459,9390,7371,6456,7753,8915
United Kingdom,Covid_cases,317,2202,10587,29161,30908,31230,19782,10744,7079,5138,4053,4615,5821,7222
United States,Covid_cases,220,2575,50202,187377,199801,192980,155448,145391,148785,260232,404294,462065,388787,301770
World,Covid_cases,17910,51194,225229,522461,611095,547402,606501,753638,874768,1143168,1449640,1751219,1811486,1756796
Angola,Covid_deaths,,,,2,0,0,0,0,2,1,4,10,16,8
Australia,Covid_deaths,2,1,3,15,12,14,1,1,0,2,4,33,87,106
Austria,Covid_deaths,,,31,120,124,65,26,15,12,18,6,11,14,10
Belgium,Covid_deaths,,,112,854,2144,848,424,216,70,36,11,21,25,53
Canada,Covid_deaths,,1,28,211,931,1300,876,643,243,126,74,35,32,43
Chile,Covid_deaths,,,,17,51,66,117,324,1560,1052,689,575,478,397
Czechia,Covid_deaths,,,,44,54,27,20,5,,13,4,11,,16
Denmark,Covid_deaths,,,28,87,89,57,23,10,10,4,3,2,2,1
Estonia,Covid_deaths,,,,11,14,7,3,3,0,0,0,0,0,0
Finland,Covid_deaths,,1,11,43,65,21,8,2,0,3,0,1,1,1
France,Covid_deaths,7,75,953,4514,5465,2176,1317,402,256,143,117,51,61,105
Germany,Covid_deaths,,8,102,764,1495,1075,512,273,135,72,50,35,54,36
Greece,Covid_deaths,,,15,37,18,13,11,4,1,1,1,7,5,14
Hungary,Covid_deaths,,,8,16,79,73,43,42,14,8,6,0,5,4
Ireland,Covid_deaths,,,5,98,243,223,87,49,27,19,9,11,9,3
Israel,Covid_deaths,,,,31,58,30,20,6,5,16,34,68,81,84
Italy,Covid_deaths,176,1208,4317,5547,3896,2326,1368,605,455,137,91,60,57,38
Latvia,Covid_deaths,,,,,2,4,1,2,3,0,0,0,0,1
Luxembourg,Covid_deaths,,,7,16,20,7,3,1,0,0,0,1,4,1
Mexico,Covid_deaths,,,5,48,313,756,1692,2600,3361,5600,4364,4486,4534,3711
Netherlands,Covid_deaths,,11,233,943,949,579,248,140,46,16,12,4,11,31
New Zealand,Covid_deaths,,,,1,8,2,1,1,0,0,0,0,0,0
Norway,Covid_deaths,,,9,40,48,10,13,1,4,5,1,0,1,3
Palestine,Covid_deaths,,,,0,0,0,0,0,0,1,20,16,13,17
Poland,Covid_deaths,,,5,55,151,140,130,68,84,89,56,46,79,82
Portugal,Covid_deaths,,,32,170,222,143,77,94,38,33,49,32,13,19
Slovenia,Covid_deaths,,,3,11,21,13,2,2,0,0,0,5,7,2
South Korea,Covid_deaths,29,28,39,35,22,8,6,4,4,2,6,3,4,4
South Sudan,Covid_deaths,,,,,,,,2,17,2,0,2,1,0
Spain,Covid_deaths,,185,2275,6060,3921,2198,1085,365,1,19,18,12,58,221
Sweden,Covid_deaths,,,89,404,530,477,454,403,218,227,106,78,23,27
Switzerland,Covid_deaths,,13,121,387,284,107,23,7,6,3,3,7,5,4
Turkey,Covid_deaths,,,43,333,763,630,357,207,123,155,138,121,119,147
United Kingdom,Covid_deaths,6,67,1068,5636,9099,5649,3122,1903,984,621,339,198,147,102
United States,Covid_deaths,14,41,899,7679,15383,13351,9872,6463,5065,3862,5288,6465,7278,6150
World,Covid_deaths,593,2313,11834,36801,51430,41759,35632,31601,32459,34537,36831,41810,43734,41328
