Measure,t1,t2,t3,t4,t5,t6,t7,t8,t9,t10,t11,t12,t13,t14,t15,t16,t17,t18
Age,46.19146608,49.10094637,50.09886548,49.65131579,50.96071429,51.51676529,51.45617978,51.62993763,52.56324582,52.23205742,52.43333333,52.76600985,52.70673077,52.63746959,53.90501319,54.45962733,53.2605042,53.85302594
Sex,1.520787746,1.531545741,1.515397083,1.526315789,1.535714286,1.524654832,1.525842697,1.542619543,1.525059666,1.525059666,,,,,,,,
Children,1.221006565,1.249211356,1.183144246,1.205592105,1.269642857,1.244575937,1.280898876,1.266112266,1.312649165,1.284009547,,,,,,,,
ChildrenUnder18,0.466083151,0.417981073,0.392220421,0.384868421,0.391071429,0.370808679,0.431460674,0.386694387,0.377088305,0.374701671,,,,,,,,
Education,4.5,4.451104101,4.439222042,4.432565789,4.485714286,4.469428008,4.411235955,4.403326403,4.381861575,4.365155131,,,,,,,,
SSES,5.297802198,,,,,5.205940594,,,,,,5.141791045,,,5.114973262,,,5.06122449
OccupationRisk,0.774617068,0.720820189,0.670988655,0.664473684,0.623214286,0.585798817,0.602247191,0.661122661,0.658711217,0.639618138,0.639618138,0.774617068,0.720820189,0.670988655,0.664473684,0.623214286,0.585798817,0.602247191
MoveChildhood,2.530681818,,,,,,,,,,,,,,,,,
Move,4.565995526,,,,,,,,,,,,,,,,,
NumberInHouse,2.725082147,,,,,,,,,,,,,,,,,
Preexisting,1.297149123,,,,,,,,,,,,,,,,,
Citizen,1.972677596,1.979462875,1.988636364,1.98677686,1.983928571,1.98816568,1.995525727,1.995841996,1.997607656,1.992822967,1.995249406,1.997530864,1.983173077,2,1.99204244,1.993710692,1.991573034,1.997093023
Responsible,,6.052050473,,,,,,,,,,,,,,,,
PFINeigh1,5.222100656,5.223974763,5.108589951,5.141447368,5.251798561,5.225296443,5.195067265,5.179166667,5.23923445,5.138755981,5.228028504,5.273399015,5.207729469,5.284671533,5.174603175,5.246105919,5.191011236,5.248554913
PFINeigh2,4.769484083,4.77444795,4.646677472,4.741293532,4.799283154,4.847826087,4.878923767,4.814583333,4.887559809,4.789976134,4.786223278,4.868486352,4.795180723,4.892944039,4.904761905,4.896875,4.966292135,4.933526012
PFINeigh3,4.618161926,4.627575277,4.527597403,4.5330033,4.541218638,4.661386139,4.628635347,4.639583333,4.682577566,4.591885442,4.619952494,4.647783251,4.638554217,4.656934307,4.667546174,4.61682243,4.549019608,4.62716763
PFINeigh4,4.917763158,4.859621451,4.799027553,4.756177924,4.815412186,4.83201581,4.802690583,4.819126819,4.792362768,4.766109785,4.747619048,4.801980198,4.783653846,4.815085158,4.814814815,4.744548287,4.719887955,4.751445087
PFINeigh5,5.692645445,5.819905213,5.758116883,5.731466227,5.860465116,5.903353057,5.890380313,5.871101871,5.85202864,5.793764988,5.869047619,5.884236453,5.81686747,5.761557178,5.817941953,5.909657321,2.185393258,2.156521739
PFINeigh6,4.016447368,4.069620253,3.959415584,3.972039474,4.067857143,4.106508876,4.116331096,3.997912317,4.064439141,3.988038278,4.035629454,4.086206897,3.925480769,4.03163017,3.98944591,4.090342679,3.932773109,3.99132948
WillingnessNeigh,3.524070022,3.342271293,3.159090909,3.2092257,3.060714286,3.061143984,2.993273543,2.995841996,3.08353222,3.050239234,2.995249406,2.975308642,3.040865385,3.01946472,3.103174603,3.087227414,3.075630252,3.046242775
NBTneigh,5.735164835,5.665086888,5.528455285,5.441515651,5.533928571,5.537549407,5.494407159,5.534303534,5.538277512,5.369928401,5.435714286,5.524630542,5.487980769,5.306569343,5.332453826,5.429906542,5.296918768,5.326589595
PFIcountry1,5.509309967,5.498417722,5.380487805,5.365733114,5.476702509,5.397614314,5.379775281,5.384133612,5.403341289,5.369304556,5.426190476,5.444444444,5.487980769,5.506082725,5.480211082,5.48447205,5.389355742,5.416184971
PFIcountry2,5.20131291,5.127962085,4.97398374,5,5.119642857,5.061264822,5.042505593,4.989583333,5.116945107,5.033492823,5.042755344,5.193069307,5.209638554,5.114355231,5.129287599,5.192546584,5.154061625,5.236311239
PFIcountry3,4.799781182,4.723538705,4.609400324,4.641447368,4.731663685,4.705533597,4.766816143,4.72972973,4.770883055,4.649164678,4.674584323,4.721674877,4.699519231,4.700729927,4.693121693,4.682242991,4.426966292,4.636887608
PFIcountry4,4.774122807,4.751974724,4.649350649,4.65625,4.815412186,4.709486166,4.766816143,4.739583333,4.789976134,4.70263789,4.65952381,4.797029703,4.759615385,4.715328467,4.695767196,4.745341615,4.463483146,4.677233429
PFIcountry5,6.038377193,6.127962085,6.053571429,6.034653465,6.078571429,6.100591716,6.022421525,6.103950104,6.081145585,6,6.049881235,6.100985222,6.093975904,6.143902439,6.09762533,6.158385093,1.966292135,1.846820809
PFIcountry6,4.355263158,4.269413629,4.200652529,4.257425743,4.284946237,4.205940594,4.334831461,4.280665281,4.252983294,4.205741627,4.235154394,4.187654321,4.183574879,4.201946472,4.25994695,4.267080745,4.117977528,4.262247839
WillingnessCountry,3.131291028,2.957413249,2.756493506,2.711221122,2.594642857,2.612648221,2.561797753,2.516736402,2.69451074,2.577565632,2.529691211,2.514778325,2.552884615,2.518248175,2.562005277,2.580745342,2.551820728,2.5129683
NBTcountry,5.568605928,5.481012658,5.397082658,5.266886326,5.373214286,5.339250493,5.288590604,5.407484407,5.338902148,5.250596659,5.178147268,5.263546798,5.283653846,5.099756691,5.102902375,5.152173913,5.044817927,5.060518732
InfectedCovid,0.159562842,1.09478673,1.110210697,1.113486842,1.158928571,1.142011834,1.143176734,1.147916667,1.145584726,1.133651551,1.156769596,1.172413793,1.216346154,1.243309002,1.372031662,1.22741433,1.327731092,1.353623188
TestedCovid,1.035161744,1.597194389,1.568181818,1.56097561,1.608591885,1.595300261,1.557275542,1.535502959,1.546075085,1.56122449,1.587591241,1.55234657,1.542955326,1.625874126,1.704797048,1.665048544,1.72244898,1.762096774
WeekSinceCovid,4.214659686,9.325581395,9.413793103,12.54216867,12.86956522,15.63218391,25.75757576,26,25.34482759,26.76190476,27.484375,28.06349206,32.53521127,31.28205128,23.16666667,12.65853659,8.777777778,7.876190476
Symptoms1,1.025219298,1.025437202,1.022764228,1.034653465,1.037567084,1.027833002,0.024943311,0.025210084,0.019230769,0.016908213,0.021479714,0.02238806,1.026699029,0.029268293,0.021276596,,,
Symptoms2,1.098468271,1.126198083,1.109120521,1.116968699,1.114901257,1.092885375,0.100671141,0.09623431,0.089588378,0.071942446,0.112440191,0.106435644,0.086746988,0.100244499,0.116402116,,,
Symptoms3,1.062363239,1.068580542,1.040650407,1.054726368,1.050089445,1.055335968,0.038116592,0.044117647,0.040767386,0.043165468,0.047732697,0.042183623,0.041062802,0.024390244,0.044973545,,,
Symptoms4,1.204395604,1.204437401,1.172077922,1.219471947,1.184587814,1.197628458,0.184684685,0.196242171,0.180288462,0.153846154,0.175903614,0.166253102,0.192682927,0.167076167,0.164021164,,,
Symptoms5,1.157377049,1.181818182,1.114006515,1.150165017,1.158273381,1.142011834,0.139325843,0.155925156,0.169491525,0.148325359,0.139759036,0.143920596,0.14527845,0.147058824,0.124338624,,,
Symptoms6,1.176017602,1.176190476,1.156862745,1.195688226,1.164874552,1.169625247,0.139325843,0.153039832,0.129807692,0.103117506,0.162679426,0.138613861,0.170316302,0.143902439,0.140957447,,,
Symptoms7,1.016393443,1.028616852,1.016339869,1.013245033,1.016100179,1.019762846,0.01793722,0.018789144,0.014457831,0.016786571,0.011933174,0.00990099,0.016990291,0.014669927,0.013227513,,,
Symptoms8,1.051478642,1.058917197,1.056910569,1.056198347,1.051785714,1.051383399,0.040449438,0.048016701,0.024038462,0.028846154,0.040572792,0.037128713,0.03649635,0.041769042,0.045092838,,,
Symptoms9,1.145673604,1.177777778,1.165584416,1.194719472,1.178890877,1.173913043,0.157303371,0.171907757,0.137019231,0.122302158,0.1558753,0.124069479,0.151807229,0.158924205,0.182539683,,,
Symptoms10,1.026286966,1.028753994,1.019512195,1.036423841,1.039355993,1.023715415,0.02247191,0.031380753,0.01686747,0.026442308,0.014388489,0.017326733,0.036319613,0.026894866,0.021220159,,,
Symptoms11,1.04271632,1.060509554,1.040650407,1.052718287,1.058928571,1.04743083,0.049327354,0.05870021,0.05060241,0.045783133,0.06235012,0.054590571,0.053527981,0.048780488,0.039787798,,,
Symptoms12,,1.020700637,1.009756098,1.004950495,1.016129032,1.019762846,0.004474273,0.014644351,0.009638554,0.014423077,0.007194245,0.009950249,0.009708738,0.007352941,0.00802139,,,
Symptoms13,,1.01910828,1.01300813,1.018121911,1.017921147,1.017751479,0.004474273,0.016701461,0.012019231,0.011990408,0.009569378,0.007462687,0.007281553,0.012224939,0.007936508,,,
ContactsInfected,2.297206704,2.2464,3.218241042,3.889802632,4.26534296,4.32938856,4.943820225,5.251046025,5.995203837,5.932853717,6.234449761,7.344059406,8.359223301,8.371638142,10.40740741,13.678125,12.64488636,16.9127907
Contacts24hrs,4.41025641,5.514285714,4.779242175,3.539735099,3.868705036,4.162376238,4.613483146,6.49475891,7.785542169,6.836144578,5.747016706,7.757425743,6.600973236,6.901719902,7.013262599,7.424528302,14.10285714,7.947214076
Contacts7days,,23.14696486,11.22094926,14.10726073,15.76438849,16.57509881,18.91441441,21.30769231,20.26328502,25.65311005,24.9616307,29.66666667,27.75302663,27.08088235,27.7540107,26.89308176,41.07954545,37.61111111
ContactsMask,4.053864169,4.3568,4.210084034,4.172240803,4.335144928,4.25748503,4.213963964,4.19706499,3.844282238,3.112980769,3.210023866,3.637717122,3.718072289,3.75245098,3.525333333,2.946540881,2.759887006,2.642228739
HouseMask,3.799334812,4.038095238,4.112026359,3.955371901,4.059245961,4.057425743,3.977578475,3.92033543,3.630695444,2.909090909,2.973809524,3.348148148,3.330120482,3.348148148,3.21957672,2.532915361,2.457386364,2.377192982
Stress,4.4467618,4.478605388,4.264181524,4.255775578,4.273214286,3.930693069,3.746636771,3.472689076,3.102870813,3.21291866,3.526315789,3.597530864,3.367788462,3.697788698,3.296296296,3.044164038,3.110795455,2.997084548
PerceptionRisk,3.632336656,3.854199683,3.674876847,3.785714286,3.837837838,3.41,3.213636364,3.002096436,2.792270531,2.789855072,3.178743961,3.345771144,3.226829268,3.607940447,3.631868132,3.673333333,3.743902439,3.812903226
InfectionSeverity,4.335170893,4.439178515,4.34375,4.404006678,4.397482014,4.226907631,4.158371041,3.993684211,3.819277108,3.79468599,3.752997602,3.692307692,3.82566586,3.777227723,3.577235772,3.587662338,3.600600601,3.55
ConcernCovid,4.278203724,4.403785489,4.284090909,4.298679868,4.295698925,3.988142292,3.712359551,3.470833333,3.197115385,3.095465394,3.567695962,3.650246305,3.524038462,3.788321168,3.477572559,3.417445483,3.380952381,3.249275362
EconomyVSshutdown,4.996710526,4.894321767,,,,,,,,,,,,,,,,
HelpGiven1,1.592552026,1.436708861,1.37398374,1.347039474,1.324955117,1.272727273,1.278651685,1.278586279,1.250596659,1.244019139,1.2304038,1.262376238,1.254807692,,1.228116711,,,1.388405797
HelpGiven2,1.759340659,1.560126582,1.525203252,1.553719008,1.472271914,1.43960396,1.382550336,1.357588358,1.322195704,1.332535885,1.311163895,1.328395062,1.303614458,,1.356200528,,,1.507246377
HelpGiven3,1.564551422,1.454258675,1.352845528,1.342668863,1.302325581,1.278656126,1.238202247,1.216666667,1.198564593,1.185096154,1.198090692,1.226600985,1.175480769,,1.230769231,,,1.292753623
HelpGiven4,1.558598028,1.450236967,1.345840131,1.287603306,1.320214669,1.253465347,1.261261261,1.21875,1.242206235,1.246411483,1.235154394,1.263546798,1.253012048,,1.251322751,,,1.50872093
HelpGiven5,1.461031833,1.413902054,1.27804878,1.276771005,1.265232975,1.263888889,1.28988764,1.207900208,1.233890215,1.212048193,1.250596659,1.298765432,1.216346154,,1.205804749,,,1.322674419
HelpGiven6,2.75877193,2.733017378,2.534201954,2.495065789,2.52962298,2.382642998,2.333333333,2.252083333,2.233890215,2.148325359,2.097619048,2.253101737,2.175480769,,2.34828496,,,2.457971014
ReasonHelp,,,5.204545455,5.139802632,5.366071429,5.402366864,5.532438479,5.74012474,5.642004773,5.732696897,5.718377088,5.637931034,5.603365385,,5.65171504,,,5.226744186
PersonHelped,,,2.288343558,2.287474333,2.212616822,2.325966851,2.300309598,2.271903323,2.28956229,2.200692042,2.307971014,2.279151943,2.219594595,,2.225806452,,,2.365131579
EmpathyState1,2.84030837,2.719492868,2.844580777,2.851851852,2.71728972,2.845303867,2.820433437,2.848942598,2.847972973,2.860627178,2.934782609,2.96797153,2.834459459,,2.989247312,,,2.704268293
EmpathyState2,2.792723264,2.635350318,2.741273101,2.711340206,2.605140187,2.696132597,2.68847352,2.624242424,2.64527027,2.747404844,2.75,2.800711744,2.567567568,,2.838129496,,,2.614678899
EmpathyState3,4.875550661,4.621621622,4.72244898,4.64476386,4.81264637,4.72299169,4.711180124,4.645454545,4.814189189,4.673611111,4.534545455,4.943262411,4.665540541,,4.949640288,,,4.442073171
EmpathyState4,5.496688742,5.404761905,5.550102249,5.449691992,5.634660422,5.584487535,5.59752322,5.634441088,5.595959596,5.506944444,5.565217391,5.716312057,5.614864865,,5.685920578,,,5.09202454
TimeSinceHelp,,,,,,4.680555556,4.780185759,4.696969697,4.686868687,4.746527778,4.753623188,4.830388693,4.898648649,,4.781362007,,,6.118971061
TimeSinceHelpOld,,5.628571429,5.008163265,4.841563786,4.872641509,,,,,,,,,,,,,
TimeSinceHelpOlder,93.98507463,,,,,,,,,,,,,,,,,
HelpReceived1,1.396267838,1.254746835,1.177814029,1.207920792,1.172043011,1.116370809,1.134228188,1.1375,1.093301435,1.124105012,1.087885986,1.130864198,1.130120482,,1.145118734,,,1.177325581
HelpReceived2,1.413186813,1.365506329,1.330081301,1.303130148,1.279069767,1.225296443,1.178970917,1.222453222,1.191846523,1.217183771,1.163069544,1.197530864,1.18313253,,1.193121693,,,1.25872093
HelpReceived3,1.359735974,1.224683544,1.166666667,1.161716172,1.127468582,1.094674556,1.098654709,1.083682008,1.086124402,1.098086124,1.095238095,1.096059113,1.067307692,,1.079365079,,,1.101449275
HelpReceived4,1.285714286,1.172468354,1.133550489,1.116968699,1.118067979,1.104743083,1.087640449,1.089583333,1.12470024,1.079136691,1.06937799,1.108641975,1.093975904,,1.098143236,,,1.162790698
HelpReceived5,1.226973684,1.172468354,1.094308943,1.10214168,1.098743268,1.093253968,1.07606264,1.09375,1.093301435,1.088305489,1.102137767,1.071604938,1.038461538,,1.068783069,,,1.098550725
HelpReceived6,2.211453744,2.175911252,2.04723127,1.99339934,2.007168459,1.883168317,1.760089686,1.819126819,1.741626794,1.659472422,1.705741627,1.790640394,1.761445783,,1.693121693,,,1.841642229
Predictability1,3.042669584,,,,,,,,,,,,,,,,,
Predictability2,2.997809419,,,,,,,,,,,,,,,,,
Predictability3,2.794085433,,,,,,,,,,,,,,,,,
Predictability4,2.905805038,,,,,,,,,,,,,,,,,
Predictability5,1.874587459,,,,,,,,,,,,,,,,,
Predictability6,2.905805038,,,,,,,,,,,,,,,,,
Predictability7,2.444566411,,,,,,,,,,,,,,,,,
Expectation1,2.417305586,,,,,,,,,,,,,,,,,
Expectation2,2.479166667,,,,,,,,,,,,,,,,,
Expectation3,3.299670692,,,,,,,,,,,,,,,,,
Expectation4,3.179120879,,,,,,,,,,,,,,,,,
Expectation5,3.277412281,,,,,,,,,,,,,,,,,
Expectation6,2.986842105,,,,,,,,,,,,,,,,,
Expectation7,3.360745614,,,,,,,,,,,,,,,,,
Challenges1,1.633479212,,,,,,,,,,,1.416256158,,,,,,
Challenges2,1.460526316,,,,,,,,,,,1.202469136,,,,,,
Challenges3,1.547149123,,,,,,,,,,,1.28817734,,,,,,
Challenges4,1.699890471,,,,,,,,,,,1.488888889,,,,,,
Challenges5,1.27571116,,,,,,,,,,,1.143564356,,,,,,
Challenges6,2.727771679,,,,,,,,,,,2.311881188,,,,,,
IRIconcern1,3.956043956,,,,,,,,,,,3.878712871,,,3.925925926,,,3.912280702
IRIconcern2,3.787047201,,,,,,,,,,,3.809876543,,,3.955145119,,,2.064139942
IRIconcern3,3.966008772,,,,,,,,,,,4.022277228,,,4.047493404,,,1.967930029
IRIconcern4,1.810098793,,,,,,,,,,,4.224137931,,,4.251322751,,,1.816326531
IRIconcern5,3.934210526,,,,,,,,,,,3.86453202,,,3.925925926,,,3.797653959
IRIconcern6,3.894621295,,,,,,,,,,,3.854679803,,,3.926121372,,,3.876832845
IRIdistress1,2.639649507,,,,,,,,,,,2.566502463,,,2.588390501,,,2.502906977
IRIdistress2,2.808114035,,,,,,,,,,,2.683950617,,,2.643799472,,,2.609329446
IRIdistress3,2.587458746,,,,,,,,,,,2.522167488,,,2.448548813,,,3.497093023
IRIdistress4,3.218201754,,,,,,,,,,,2.701234568,,,2.597883598,,,2.613372093
IRIdistress5,2.260964912,,,,,,,,,,,2.155555556,,,2.234042553,,,3.735465116
IRIdistress6,1.950711939,,,,,,,,,,,1.849753695,,,1.845744681,,,1.868804665
IRIdistress7,1.967105263,,,,,,,,,,,1.857142857,,,1.838624339,,,1.904069767
CovidVolunteer,4.615300546,,,,,,,,,,,,,,,,,
TimeSpentOthers,6.714128035,6.161904762,5.109477124,4.797678275,5.416967509,5.332669323,5.903370787,7.516736402,6.802884615,7.712560386,7.22673031,7.824257426,8.036319613,8.046454768,8.566489362,8.034810127,8.929577465,8.497058824
MoneyDonated,48.30588235,20.44517185,14.59934853,43.85662252,17.80866426,22.05168986,22.17264574,18.98526316,34.96821516,29.55048077,29.14492754,35.81389578,42.09779951,30.3,21.66756032,14.25157233,32.52571429,19.03560831
PresentVfuture1,,,2.850649351,,,2.897233202,,2.841995842,,,,,,,,,,
PresentVfuture2,,,4.473170732,,,4.232741617,,4.145530146,,,,,,,,,,
PresentVfuture3,,,4.409756098,,,,,,,,,,,,,,,
PresentVfuture4,,,2.965853659,,,2.95049505,,2.808731809,,,,,,,,,,
FutureImportant,,,5.656910569,,,5.552475248,,5.598752599,,,,,,,,,,
PresentImportant,,,5.636952998,,,,,,,,,,,,,,,
Back2Normal,8.316301703,8.873617694,8.792544571,8.652388797,8.657142857,8.661386139,8.344519016,8.172916667,7.479713604,7.348448687,8.19239905,8.851851852,8.771634615,9.153658537,8.349206349,8.1125,8.02247191,7.822674419
ElectionBck2Normal,5.373770492,5.516587678,,,,,,,,,,,,,,,,
ConditionsChange,2.928961749,3.053797468,2.907617504,2.645799012,2.584973166,2.299603175,2.306487696,,2.162291169,2.269879518,2.888361045,2.955555556,2.6875,2.902676399,2.642857143,2.65625,2.842253521,2.686046512
Vaccine,4.58643326,4.597156398,4.925324675,5.219110379,5.443649374,5.495069034,6.208520179,6.546777547,6.659472422,6.661097852,6.774346793,6.925925926,6.853365385,,,,,
TrustVaccine,4.233296824,4.311708861,4.630894309,4.968646865,5.026833631,5.126482213,5.393736018,,5.634615385,5.459330144,5.472684086,5.647783251,5.554216867,,,,,
USvaccine,,,6.313821138,6.597014925,6.788530466,6.763313609,6.957303371,2.158333333,6.775119617,6.703349282,6.451306413,6.672413793,6.843373494,,,,,
ReceiveVaccine,,,,,2.657142857,2.968441815,,6.546777547,,,,,,,,,,
VaccineHealth,,,,,6.212880143,,,5.466666667,,,,,,,,,,
VaccineOtherHealth,,,,,5.772401434,,,6.80334728,,,,,,,,,,
VaccineSafety1,,,,,4.438282648,3.783037475,,,,,,,,,,,,
VaccineSafety2,,,,,4.23655914,3.848126233,,,,,,,,,,,,
VaccineSafety3,,,,,4.185714286,3.846153846,,,,,,,,,,,,
VaccineTV,,,,,5.313278008,,,,,,,,,,,,,
VaccinePeers,,,,,5.750642674,,,,,,,,,,,,,
AfterVaccineNormal,,,,,5.798214286,,,,,,,,,,,,,
VaccineRisk1,,,,,4.728571429,,,,,,,,,,,,,
VaccineRisk2,,,,,4.994642857,,,,,,,,,,,,,
VaccineUSRightThing,,,,,,6.810650888,,6.822546973,6.847826087,6.67146283,6.408114558,6.655172414,,,,,,
TimeToVaccine,,,7.12012987,,6.109318996,5.586481113,3.237136465,2.422037422,2.291866029,2.30548926,2.266033254,2.177777778,2.142168675,,,,,
TimeToVaccineOld,,,,4.810231023,,,,,,,,,,,,,,
FinancialHardship,5.117067834,5.098101266,5.226904376,,5.252236136,,5.589686099,,5.546539379,,5.401425178,5.514778325,5.415865385,5.382926829,5.534391534,5.38125,5.134831461,5.319767442
CFCset1.1,5.297592998,,5.175324675,,5.3125,,5.313901345,,5.270983213,,,,,,,,,
CFCset1.2,4.746170678,,4.708943089,,4.816071429,,4.815730337,,4.872901679,,,,,,,,,
CFCset1.3,2.777412281,,2.741463415,,2.708928571,,2.567264574,,2.646778043,,,,,,,,,
CFCset1.4,3.021881838,,2.960912052,,2.939285714,,2.81655481,,2.832935561,,,,,,,,,
CFCset1.5,4.375684556,,4.157467532,,4.229390681,,4.197309417,,4.262529833,,,,,,,,,
CFCset1.6,5.246710526,,5.206168831,,5.228980322,,5.149888143,,5.097852029,,,,,,,,,
CFCset1.7,5.722587719,,5.719869707,,5.72450805,,5.788764045,,5.682577566,,,,,,,,,
CFCset2.1,4.656455142,,4.573051948,,4.729390681,,4.725225225,,4.575178998,,,,,,,,,
CFCset2.2,2.601314348,,2.61102107,,2.530357143,,2.475336323,,2.466507177,,,,,,,,,
CFCset2.3,2.794085433,,2.855753647,,2.830357143,,2.743820225,,2.775119617,,,,,,,,,
CFCset2.4,2.888280394,,2.86038961,,2.740608229,,2.721973094,,2.732696897,,,,,,,,,
CFCset2.5,3.790799562,,3.750405186,,3.798214286,,3.725225225,,3.742243437,,,,,,,,,
CFCset2.6,5.689692982,,5.562805873,,5.621428571,,5.586516854,,5.590909091,,,,,,,,,
CFCset2.7,5.032822757,,4.853896104,,5,,5.00896861,,4.932853717,,,,,,,,,
Discounting1,1.842278204,,1.888168558,,1.8875,,,,,,,,,,,,,
Discounting2,1.43107221,,1.442463533,,1.46332737,,,,,,,,,,,,,
Discounting3,1.794310722,,1.826298701,,1.829443447,,,,,,,,,,,,,
Discounting4,1.922234392,,1.949675325,,1.964221825,,,,,,,,,,,,,
Discounting5,1.629791895,,1.68719611,,1.675,,,,,,,,,,,,,
Discounting6,1.61909989,,1.664505673,,1.6625,,,,,,,,,,,,,
Discounting7,2,,1.952998379,,1.960502693,,,,,,,,,,,,,
Discounting8,1.394736842,,1.43273906,,1.457960644,,,,,,,,,,,,,
Discounting9,1.933187295,,1.951377634,,1.962365591,,,,,,,,,,,,,
Discounting10,1.757940854,,1.811688312,,1.817204301,,,,,,,,,,,,,
Discounting11,1.904709748,,1.935170178,,1.939285714,,,,,,,,,,,,,
Discounting12,1.831325301,,1.88091354,,1.882142857,,,,,,,,,,,,,
Discounting13,1.657894737,,1.698051948,,1.718637993,,,,,,,,,,,,,
Discounting14,1,,1.5,,1.543010753,,,,,,,,,,,,,
Discounting15,1.915570175,,1.946254072,,1.951699463,,,,,,,,,,,,,
Discounting16,1.787047201,,1.858536585,,1.839285714,,,,,,,,,,,,,
Discounting17,1.358159912,,1.398703404,,1.427549195,,,,,,,,,,,,,
Discounting18,1.665936473,,1.706645057,,1.723518851,,,,,,,,,,,,,
Discounting19,1.347587719,,1.371150729,,1.387096774,,,,,,,,,,,,,
Discounting20,1.472587719,,1.503246753,,1.529516995,,,,,,,,,,,,,
Discounting21,1.670317634,,1.725649351,,1.731663685,,,,,,,,,,,,,
Discounting22,1.923413567,,1.954545455,,1.960714286,,,,,,,,,,,,,
Discounting23,1.933114035,,1.964343598,,1.965949821,,,,,,,,,,,,,
Discounting24,1.233296824,,1.24512987,,1.280858676,,,,,,,,,,,,,
Discounting25,1.879649891,,1.926829268,,1.92459605,,,,,,,,,,,,,
Discounting26,1.880743982,,1.908943089,,1.9125,,,,,,,,,,,,,
Discounting27,1.692223439,,1.740680713,,1.744642857,,,,,,,,,,,,,
TroubleRemember,2.673603505,2.48657188,,,,,,,,,,,,,2.235449735,2.105919003,,2.10755814
TimePassed,2.896061269,2.97314376,,,,3.118343195,3.391498881,,,,,3.302955665,,,3.46031746,3.421875,,3.526162791
SimilarDays,2.230010953,2.196202532,,,,2.179487179,,,,,,2.472906404,,,2.46031746,2.636363636,,2.558139535
RecentlyForgotten,,2.48657188,,,,2.501976285,,,,,,2.379310345,,,,,,
FarMonth,,3.208530806,,,,3.424063116,2.791946309,,,,,3.113300493,,,3.018617021,2.940625,,2.941860465
FarYear,,4.744075829,,,,4.836291913,4.504484305,,,,,4.406403941,,,4.306878307,4.280373832,,4.151603499
OptimisticSlider1,,,,,,43.7980198,,,,,,,,,,,,
OptimisticSlider2,,,,,,46.07326733,,,,,,,,,,,,
OptimisticSlider3,,,,,,51.11462451,,,,,,,,,,,,
OptimisticSlider4,,,,,,60.62450593,,,,,,,,,,,,
OptimisticSlider5,,,,,,67.79841897,,,,,,,,,,,,
OptimisticSlider6,,,,,,71.91287129,,,,,,,,,,,,
OptimisticSlider7,,,,,,71.23505976,,,,,,,,,,,,
OptimisticSlider8,,,,,,56.22420635,,,,,,,,,,,,
OptimisticSlider9,,,,,,51.79282869,,,,,,,,,,,,
OptimisticOrdinal1,,4.303317536,,,,,,,,,,,,,,,,
OptimisticOrdinal2,,4.242088608,,,,,,,,,,,,,,,,
OptimisticOrdinal3,,4.108108108,,,,,,,,,,,,,,,,
OptimisticOrdinal4,,3.223454834,,,,,,,,,,,,,,,,
OptimisticOrdinal5,,2.738924051,,,,,,,,,,,,,,,,
ConspiracySet1.1,2.578313253,2.492890995,2.517073171,2.580165289,2.415770609,2.445759369,,,,,,,,,,,,
ConspiracySet1.2,2.430449069,2.339144216,2.321428571,2.332784185,2.168761221,2.276679842,,,,,,,,,,,,
ConspiracySet1.3,1.843544858,1.787066246,1.771103896,1.833607908,1.7875,1.792490119,,,,,,,,,,,,
ConspiracySet1.4,2.26754386,2.241324921,2.150974026,2.2,2.103571429,2.136094675,,,,,,,,,,,,
ConspiracySet1.5,2.287746171,2.246056782,2.213355049,2.336633663,2.205724508,2.278106509,,,,,,,,,,,,
ConspiracySet1.6,2.527352298,2.424960506,2.383739837,2.404290429,2.376785714,2.383399209,,,,,,,,,,,,
ConspiracySet1.7,2.359255203,2.238546603,2.249185668,2.26523888,2.166071429,2.193293886,,,,,,,,,,,,
ConspiracySet2.1,2.298245614,2.241706161,2.181818182,2.261943987,2.160714286,2.179841897,,,,,,,,,,,,
ConspiracySet2.2,2.123767798,2.068037975,2.045528455,2.120263591,2.010752688,1.992094862,,,,,,,,,,,,
ConspiracySet2.3,2.865279299,2.758675079,2.707792208,2.807248764,2.741935484,2.73715415,,,,,,,,,,,,
ConspiracySet2.4,2.777412281,2.687697161,2.599348534,2.662273476,2.519713262,2.559288538,,,,,,,,,,,,
ConspiracySet2.5,2.434354486,2.43533123,2.398373984,2.400990099,2.354203936,2.335968379,,,,,,,,,,,,
ConspiracySet2.6,2.067907996,1.974763407,1.962601626,2.02800659,1.95,1.921104536,,,,,,,,,,,,
ConspiracySet2.7,2.56345733,2.46214511,2.376623377,2.462932455,2.266071429,2.372277228,,,,,,,,,,,,
ConspiracySet2.8,3.634868421,3.515822785,3.352272727,3.451400329,3.268336315,3.256410256,,,,,,,,,,,,
Sociopolitical,3.273522976,,,,,,,,,,,,,,,,,
Econopolitical,3.621710526,,,,,,,,,,,,,,,,,
MaskPolitical,4.063387978,4.09335443,,4.100660066,,,,,,,,,,,,,,
MaskOtherStatement,4.377461707,4.385466035,,4.338283828,,,,,,,,,,,,,,
RefuseMask,5.713033954,5.892575039,,5.825370675,,,,,,,,,,,,,,
MaskMakeStatement,1.486842105,1.374407583,,1.360790774,,,,,,,,,,,,,,
NoMaskStatement,2.363934426,2.34384858,,2.407590759,,,,,,,,,,,,,,
NoMaskOtherState,,4.614533965,,4.536184211,,,,,,,,,,,,,,
TrumpMask1,4.495623632,,,,,,,,,,,,,,,,,
TrumpMask2,4.82584885,,,,,,,,,,,,,,,,,
NeighborMask,5.726177437,,,,,,,,,,,,,,,,,
NeighborMask1,,5.400950872,5.50974026,,5.641071429,,,,4.666666667,,3.394299287,,4.103365385,4.185819071,3.822751323,2.902515723,2.688202247,2.489795918
NeighborMask2,,4.846275753,4.8,,4.980322004,,,,4.052505967,,3.023866348,,3.506024096,3.607843137,3.360742706,2.625,2.411267606,2.212827988
WrongMaskIntention,,,,,,5.530693069,,,,,,,,,,,,
WrongMaskComfort,,,,,,5.126482213,,,,,,,,,,,,
WrongMaskComply,,,,,,4.707509881,,,,,,,,,,,,
MaskAttitudes1,5.554216867,5.640253566,,5.42339374,,5.408730159,,,5.090909091,,,5.123152709,4.906024096,,4.75862069,,4.197183099,
MaskAttitudes2,5.674698795,5.727129338,,5.577557756,,5.477227723,,,5.033412888,,,5.113300493,5.033653846,,4.793103448,,4.230113636,
MaskAttitudes3,1.556043956,1.482649842,,1.51980198,,1.491089109,,,1.562200957,,,1.45320197,1.525301205,,1.466843501,,1.61299435,
MaskAttitudes4,1.676535088,1.627172196,,1.621087315,,1.748015873,,,2.14354067,,,1.900990099,2.043478261,,1.931216931,,2.277620397,
MaskAttitudes5,1.724478595,1.643533123,,1.614497529,,1.699604743,,,2.165467626,,,1.97044335,2.019277108,,2.018666667,,2.344632768,
MaskAttitudes6,4.901423877,4.968454259,,4.89785832,,4.861111111,,,3.701204819,,,4.027093596,3.78125,,3.526455026,,2.830985915,
MaskTrust,4.092004381,4.061611374,,3.983443709,,4.005928854,,,3.866028708,,,3.869458128,3.813559322,,,,3.539325843,
MaskIntelligence,4.02297593,4.052050473,,3.886138614,,3.962376238,,,3.723150358,,,3.768472906,3.710144928,,,,3.491573034,
MaskMotives1,,5.617693523,,5.635914333,5.796064401,,5.686800895,,5.188995215,,4.662707838,,5.050847458,5.01946472,4.915119363,4.36875,4.224719101,3.944281525
MaskMotives2,,5.727848101,,5.745874587,5.808928571,,5.670403587,,5.265550239,,4.786223278,,5.144578313,5.12195122,4.952380952,4.498442368,4.254237288,3.950581395
MaskMotives3,,5.844690967,,5.815181518,5.871198569,,5.794183445,,5.482100239,,5.2304038,,5.254237288,5.414634146,5.208994709,4.871875,4.702247191,4.363372093
MaskStigma1,,4.257503949,,,,,,,,,,,,,,,,
MaskStigma2,,1.283676704,,,,,,,,,,,,,,,,
MaskStigma3,,1.292721519,,,,,,,,,,,,,,,,
MaskStigma4,,1.357030016,,,,,,,,,,,,,,,,
MaskStereotype,,4.813880126,,,,,,,,,,,,,,,,
MaskLegal,,1.610169492,1.668582375,,1.609071274,,,,1.632458234,,1.256532067,,1.586538462,1.583941606,1.518518519,1.127725857,1.230337079,1.139534884
MaskRespect,,5.424960506,5.361426256,,5.503571429,,,,4.69138756,,3.856801909,,4.15625,4.243309002,3.957559682,3.171339564,2.867605634,2.575581395
MaskEncouraged,,6.03785489,5.980551053,,6.037567084,,,,5.007159905,,4.197619048,,4.640096618,4.806372549,4.369680851,3.760124611,3.676056338,3.636627907
MaskMouthNose,,,,,6.535714286,,,,,,,,,,,,,
NotCoverNose,,,,,2.498214286,,,,2.176610979,,,,2.134615385,1.985365854,1.99204244,,,
FeelOthersNose,,,,,2.328571429,,,,,,,,,,,,,
FriendSameBelief,4.429824561,,,,,,,,,,,,,,,,,
RightWing,5.907995619,,,,,,,,,,,,,,,,,
Dogmatism,3.354555434,,,,,,,,,,,,,,,,,
Fundamentalism,3.061336254,,,,,,,,,,,,,,,,,
Exclusivity,2.521929825,,,,,,,,,,,,,,,,,
Income,4.819004525,,,,,4.606060606,,,,,,4.576530612,,,4.636612022,,,4.6
Savings,3.398252185,,,,,3.539325843,,,,,,3.527377522,,,3.450920245,,,3.61
Assets,5.637886598,,,,,5.859090909,,,,,,6.032258065,,,6.106918239,,,6.103092784
PFIaffectNeigh,5.145143488,5.170221169,5.078733766,5.09234609,5.185117967,5.204365079,5.192696629,5.177453027,5.188848921,5.125600962,5.159904535,5.201995012,5.148665049,5.188564477,5.170212766,5.196875,,
PFIaffectCountry,5.380638064,5.37281399,5.265139116,5.268181818,5.366456835,5.318363273,5.30248307,5.30293501,5.347852029,5.277239709,5.295942721,5.381546135,5.388888889,5.369512195,5.347883598,5.395186335,,
PFIsharedfateCountry,,4.572337043,4.487472767,4.515951595,4.604804805,4.542743539,4.626034612,4.585416667,4.604614161,4.521634615,4.521428571,4.563275434,4.545088567,4.539334955,4.545534925,4.56490135,,
PFIsharedfateNeigh,4.513553114,4.518812931,4.427100271,4.420936639,4.474820144,4.536375661,4.516442451,4.484658298,4.513126492,4.448165869,4.466666667,4.50990099,4.448192771,4.501216545,4.486772487,4.483904465,,
CovidSymptoms,1.002237136,14.16256158,13.93478261,14.11054422,1.077634011,1.046558704,0.894859813,1.015086207,0.895781638,0.793611794,0.962686567,0.881612091,1.955,0.934837093,0.923705722,,,
HelpGiven,1.781653747,1.6738437,1.564524986,1.552412646,1.534608379,1.477576975,1.462452107,1.421199442,1.415464744,1.394822006,1.387019231,1.442773601,1.392914654,,1.435828877,,,
HelpReceived,1.478333333,1.392914654,1.327805417,1.316111111,1.302311436,1.252333333,1.223100075,1.242105263,1.221955128,1.207630522,1.201135442,1.231757877,1.213592233,,1.214030384,,,
MutualAid,1.627765279,1.528094463,1.445378151,1.43549747,1.417287399,1.361846572,1.342614076,1.329978814,1.320419693,1.298611111,1.29454023,1.337763713,1.302439024,,1.324728261,,,
EmpatheticConcern,5.184530387,5.011942675,5.134969325,5.047227926,5.223004695,5.152777778,5.152173913,5.142424242,5.20777027,5.085365854,5.049090909,5.329787234,5.140202703,,5.315217391,,,
EmpatheticDistress,2.819536424,2.677547771,2.793209877,2.785123967,2.661214953,2.770718232,2.755451713,2.736363636,2.750847458,2.804878049,2.842391304,2.8875,2.701013514,,2.911870504,,,
Predictability,2.702882483,,,,,,,,,,,,,,,,,
Repayment,2.998105762,,,,,,,,,,,,,,,,,
Challenges,1.723142016,,,,,,,,,,,,,,,,,
Wealth,4.607299912,,,,,4.665889666,,,,,,0.009954209,,,4.721505376,,,
TraitEmpathicConcern,3.556964351,,,,,,,,,,,3.945968412,,,4.0066313,,,
TraitEmpathicdistress,2.578734364,,,,,,,,,,,2.414805625,,,2.397504456,,,
BeliefInConspiracy,2.467777778,2.396794872,2.348319559,2.411222222,2.291895186,2.327844712,,,,,,,,,,,,
PoliticalOrientation,3.451701427,,,,,,,,,,,,,,,,,
DiscountingRate,0.036762903,,0.027944685,,0.027269843,,,,,,,,,,,,,
SmallSooner,8.501639344,,7.121555916,,6.842857143,,,,,,,,,,,,,
LargerSooner,18.43497268,,19.84278768,,20.1,,,,,,,,,,,,,
NoResponse,0,,0,,0.057142857,,,,,,,,,,,,,
SourceInfo1,,1,,,,,,1,,,,,,,,,,
SourceInfo2,,1,,,,,,1,,,,,,,,,,
SourceInfo3,,1,,,,,,1,,,,,,,,,,
SourceInfo4,,1,,,,,,1,,,,,,,,,,
SourceInfo5,,1,,,,,,1,,,,,,,,,,
SourceInfo6,,1,,,,,,1,,,,,,,,,,
SourceInfo7,,1,,,,,,1,,,,,,,,,,
SourceInfo8,,1,,,,,,1,,,,,,,,,,
SourceInfo9,,1,,,,,,1,,,,,,,,,,
SourceInfo10,,1,,,,,,1,,,,,,,,,,
SourceInfo11,,1,,,,,,1,,,,,,,,,,
SourceInfo12,,1,,,,,,1,,,,,,,,,,
SourceInfo13,,1,,,,,,1,,,,,,,,,,
SourceInfo14,,1,,,,,,1,,,,,,,,,,
Fundamental1,,6.026898734,6.032467532,5.996710526,6.082142857,6.013833992,5.966367713,5.746361746,5.583732057,5.410071942,5.692857143,5.665841584,,,,,,
Fundamental2,,6.146687697,6.131493506,6.108731466,6.158928571,5.994071146,6.022421525,5.819126819,5.625298329,5.459134615,5.736342043,5.775308642,,,,,,
Fundamental3,,5.509463722,5.356097561,5.33937397,5.273703041,5.324110672,5.313901345,5.297297297,5.332535885,5.155131265,5.19047619,5.24009901,,,,,,
Fundamental4,,3.485804416,3.103896104,3.136513158,3.220035778,3.296442688,3.416107383,3.563409563,4.009546539,4.210023866,3.935560859,3.742574257,,,,,,
Fundamental5,,5.430599369,5.295934959,5.257001647,5.361359571,5.138339921,5.313199105,5.216666667,5.341288783,5.324582339,5.3,5.173267327,,,,,,
Fundamental6,,2.33807267,2.092985318,2.168039539,2.161290323,1.992094862,2.071910112,1.970893971,2.064439141,2.090692124,2.028503563,2.012406948,,,,,,
Fundamental7,,2.085308057,1.849918434,1.876644737,1.933810376,1.803960396,1.932735426,1.812889813,2.023866348,1.968899522,1.964370546,1.925925926,,,,,,
Fundamental8,,4.966772152,4.671592775,4.674380165,4.673835125,4.608349901,4.707207207,4.607515658,4.602409639,4.61722488,4.678571429,4.698254364,,,,,,
Fundamental9,,5.593059937,5.486178862,5.455592105,5.363799283,5.417821782,5.378923767,5.295218295,5.345323741,5.217183771,5.315914489,5.253101737,,,,,,
Fundamental10,,3.783911672,3.338211382,3.529605263,3.567324955,3.721343874,3.739910314,3.937629938,4.366028708,4.408114558,4.361904762,4.111386139,,,,,,
RiskManage1,,5.250788644,,,5.266071429,,,5.313929314,,,5.147268409,,,,,,,
RiskManage2,,5.413249211,,,5.342293907,,,5.254697286,,,5.341288783,,,,,,,
RiskManage3,,4.05362776,,,4.093023256,,,3.898128898,,,3.913875598,,,,,,,
RiskManage4,,5.349683544,,,5.5,,,5.397089397,,,5.483333333,,,,,,,
RiskManage5,,5.188291139,,,5.200357782,,,5.153846154,,,5.137767221,,,,,,,
RiskManage6,,4.869085174,,,4.976785714,,,4.844074844,,,4.871733967,,,,,,,
RiskManage7,,2.900630915,,,2.765652952,,,2.804166667,,,2.895238095,,,,,,,
RiskManage8,,4.235387046,,,4.219642857,,,4.135416667,,,4.19047619,,,,,,,
RiskManage9,,4.239747634,,,4.216457961,,,4.10625,,,3.957244656,,,,,,,
RiskManage10,,4.235015773,,,4.433928571,,,4.225,,,4.106888361,,,,,,,
RiskManage11,,5.608832808,,,5.460431655,,,5.51975052,,,5.6152019,,,,,,,
NewFood,,4.696682464,,,,,,,,,,,,,,,,
RiskReduction,,4.905888538,,,4.902278177,,,4.823938761,,,4.798245614,,,,,,,
RiskAvoidance,,5.136507937,,,5.224209899,,,5.131670132,,,5.166666667,,,,,,,
RiskRetention,,3.568720379,,,3.491949911,,,3.464509395,,,3.547732697,,,,,,,
RiskTransfer,,4.694532071,,,4.705705706,,,4.617258177,,,4.559778306,,,,,,,
ShopBF,,,1.327922078,,,,,,,,,,,,,,,
MaskBF,,,4.733990148,,,,,,,,,,,,,,,
WorriedCovidBF1,,,4.113300493,,,,,,,,,,,,,,,
WorriedCovidBF2,,,3.009852217,,,,,,,,,,,,,,,
ChangePlansBF3,,,1.386363636,,,,,,,,,,,,,,,
CelebrateTG,,,1.800648298,,,,,,,,,,,1.80195599,,,,
PrecautionTG,,,3.050125313,,,,,,,,,,,4.056277056,,,,
HowManyTG,,,3.924180328,,,,,,,,,,,6.201219512,,,,
NotHouseHoldTG,,,1.594704684,,,,,,,,,,,3.800613497,,,,
MaskTG,,,2.723287671,,,,,,,,,,,1.903345725,,,,
COVIDpositiveTG,,,1.972375691,,,,,,,,,,,1.749090909,,,,
WorriedCovidTG1,,,2.809917355,,,,,,,,,,,2.733496333,,,,
WorriedCovidTG2,,,2.593922652,,,,,,,,,,,2.437652812,,,,
CancelTG,,,1.46557377,,,,,,,,,,,1.222493888,,,,
IOSTG,,,,,,,,,,,,,,8.310344828,,,,
SchoolChild,,,1.149350649,,1.234347048,,,1.224532225,,,1.185273159,,,,,,,
SchoolConcern,,,5.014084507,,,,,4.925,,,,,,,,,,
SchoolMethod,,,2.183098592,,,,,2.1,,,,,,,,,,
PreferredMethod,,,1.563380282,,,,,1.625,,,,,,,,,,
Schoolitems1,,,3.603174603,,4.304878049,,,3.777777778,,,4.582089552,,,,,,,
Schoolitems2,,,3.761904762,,4.463414634,,,3.888888889,,,4.507462687,,,,,,,
Schoolitems3,,,4.80952381,,5.207317073,,,5.194444444,,,4.791044776,,,,,,,
Schoolitems4,,,2.777777778,,2.93902439,,,3.027777778,,,2.462686567,,,,,,,
RiskBehavior1,,,1.808441558,,,,,,,,,,,,,,,
RiskBehavior2,,,2.053484603,,,,,,,,,,,,,,,
RiskBehavior3,,,1.577922078,,,,,,,,,,,,,,,
RiskBehavior4,,,1.356564019,,,,,,,,,,,,,,,
RiskBehavior5,,,2.547811994,,,,,,,,,,,,,,,
RiskBehavior6,,,2.077795786,,,,,,,,,,,,,,,
ReduceCovidRisk1,,,6.32195122,,,,,,,,,,,,,,,
ReduceCovidRisk2,,,6.075286416,,,,,,,,,,,,,,,
ReduceCovidRisk3,,,5.48534202,,,,,,,,,,,,,,,
TimeRiskyFriend,,,2.246753247,,,,,,,2.704057279,,,,,,,,
TimeCarefulFriend,,,4.482084691,,,,,,,4.954653938,,,,,,,,
EnjoyHelpFriends,,,3.518699187,,,,,,,,,,,,,,,
BothersHouseRisk,,,5.484451718,,,,,,,,,,,,,,,
WishHouseCareful,,,4.093596059,,,,,,,,,,,,,,,
HouseConflict,,,2.681372549,,,,,,,,,,,,,,,
RiskBehaviorComposite,,,1.904607046,,,,,,,,,,,,,,,
CFC.Future,,,35.82207578,,36.48828829,,36.47031963,,35.97815534,,,,,,,,,
CFC.Immediate,,,21.93300654,,24.28725314,,23.8510158,,24.00956938,,,,,,,,,
CFC.Composite,,,69.87893864,,12.25543478,,12.54252874,,11.88807786,,,,,,,,,
PostVaccineBehavior1,,,,6.295539033,,,,,,,,,,,,,,
PostVaccineBehavior2,,,,4.712430427,,,,,,,,,,,,,,
PostVaccineBehavior3,,,,6.276836158,,,,,,,,,,,,,,
PostVaccineBehavior4,,,,6.158671587,,,,,,,,,,,,,,
PostVaccineBehavior5,,,,5.894052045,,,,,,,,,,,,,,
PostVaccineBehavior6,,,,4.087037037,,,,,,,,,,,,,,
MaskDem,,,,4.258278146,,,,,,,,,,,,,,
MaskRep,,,,4.715702479,,,,,,,,,,,,,,
MaskDemAffiliate,,,,4.295867769,,,,,,,,,,,,,,
MaskRepAffiliate,,,,4.564356436,,,,,,,,,,,,,,
Reactance1,,,,2.275123558,,,,,,,,,,,,,,
Reactance2,,,,2.216171617,,,,,,,,,,,,,,
Reactance3,,,,2.153212521,,,,,,,,,,,,,,
Reactance4,,,,2.671617162,,,,,,,,,,,,,,
Entitlement1,,,,2.621087315,,,,,,,,,,,,,,
Entitlement2,,,,3.764026403,,,,,,,,,,,,,,
Entitlement3,,,,2.745033113,,,,,,,,,,,,,,
Entitlement4,,,,3.264026403,,,,,,,,,,,,,,
Entitlement5,,,,2.988410596,,,,,,,,,,,,,,
Entitlement6,,,,3.667218543,,,,,,,,,,,,,,
Entitlement7,,,,3.591735537,,,,,,,,,,,,,,
Entitlement8,,,,3.846280992,,,,,,,,,,,,,,
Entitlement9,,,,2.561983471,,,,,,,,,,,,,,
HowMuchSleep,,,,2.920661157,,,,,,,,2.920987654,,,2.978835979,,,2.889534884
HourSleep,,,,6.91014975,,,,,,,,6.832917706,,,6.97606383,,,6.900874636
QualitySleep,,,,3.082508251,,,,,,,,2.948275862,,,2.976127321,,,2.979651163
SleepExperiences1,,,,1.297029703,,,,,,,,1,,,1,,,1
SleepExperiences2,,,,1.115511551,,,,,,,,1,,,1,,,1
SleepExperiences3,,,,1.153465347,,,,,,,,1,,,1,,,1
SleepExperiences4,,,,1.293729373,,,,,,,,1,,,1,,,1
SleepExperiences5,,,,1.346534653,,,,,,,,1,,,1,,,1
SleepExperiences6,,,,1.417491749,,,,,,,,1,,,1,,,1
SleepExperiences7,,,,1.389438944,,,,,,,,1,,,1,,,1
HowFastYear,,,,3.325082508,,,,,,,,,,,,,,
NewPandemic,,,,5.676567657,,,,,,,,,,,,,,
TimeTilNewPandemic,,,,3.600660066,,,,,,,,,,,,,,
PandemicExtinction,,,,2.740924092,,,,,,,,,,,,,,
GovernmentPandemic,,,,5.216528926,,,,,,,,,,,,,,
IndividualPandemic,,,,5.06446281,,,,,,,,,,,,,,
CausesExtinction1,,,,30.10927152,,,,,,,,,,,,,,
CausesExtinction2,,,,34.94701987,,,,,,,,,,,,,,
CausesExtinction3,,,,30.57755776,,,,,,,,,,,,,,
CausesExtinction4,,,,32.54710744,,,,,,,,,,,,,,
CausesExtinction5,,,,15.9717608,,,,,,,,,,,,,,
CausesExtinction6,,,,18.36033058,,,,,,,,,,,,,,
CausesExtinction8,,,,80.58637874,,82.54940711,,,,,,84.68564356,,,,,,
CausesExtinction9,,,,19.8956229,,,,,,,,,,,,,,
CausesExtinction10,,,,17.6988417,,,,,,,,,,,,,,
ReactanceComposite,,,,2.330991736,,,,,,,,,,,,,,
EntitlementComposite,,,,3.216975829,,,,,,,,,,,,,,
powerrespect,,,,0.021548653,,,,,,,,,,,,,,
AloneTime,,,,,5.576785714,,,,,,,,,,,,,
AloneTimeSatisfied,,,,,2.9875,,,,,,,,,,,,,
Big5.1,,,,,,2.023668639,,,,,,,,,,,,
Big5.2,,,,,,2.686390533,,,,,,,,,,,,
Big5.3,,,,,,3.110453649,,,,,,,,,,,,
Big5.4,,,,,,3.282051282,,,,,,,,,,,,
Big5.5,,,,,,4.102564103,,,,,,,,,,,,
Big5.6,,,,,,3.825742574,,,,,,,,,,,,
Big5.7,,,,,,2.039525692,,,,,,,,,,,,
Big5.8,,,,,,2.1617357,,,,,,,,,,,,
Big5.9,,,,,,3.303747535,,,,,,,,,,,,
Big5.10,,,,,,3.893491124,,,,,,,,,,,,
Big5.11,,,,,,2.209072978,,,,,,,,,,,,
Big5.12,,,,,,2.025641026,,,,,,,,,,,,
Big5.13,,,,,,1.948514851,,,,,,,,,,,,
Big5.14,,,,,,2.079207921,,,,,,,,,,,,
Big5.15,,,,,,3.609467456,,,,,,,,,,,,
Big5.16,,,,,,2.998019802,,,,,,,,,,,,
Big5.17,,,,,,3.733727811,,,,,,,,,,,,
Big5.18,,,,,,2.007889546,,,,,,,,,,,,
Big5.19,,,,,,2.061143984,,,,,,,,,,,,
Big5.20,,,,,,1.83960396,,,,,,,,,,,,
GreenSettings,,,,,,1.848126233,,,,,,,,,,,,
OutdoorRec,,,,,,1.927021696,,,,,,,,,,,,
b5_extroversion,,,,,,2.581532417,,,,,,,,,,,,
b5_agreeable,,,,,,3.928290766,,,,,,,,,,,,
b5_conscientious,,,,,,3.736247544,,,,,,,,,,,,
b5_negemotion,,,,,,2.362966601,,,,,,,,,,,,
b5_openness,,,,,,3.955795678,,,,,,,,,,,,
Feet,,,,,,,5.14573991,5.147916667,,,,5.137931034,,,,,,
Inches,,,,,,,5.721973094,5.6875,,,,6.064039409,,,,,,
Weight,,,,,,,178.4478652,179.139749,,,,180.8564356,,,,,,
DescriptiveLearning1,,,,,,,4.353467562,,,,,,,,,,,
DescriptiveLearning2,,,,,,,4.15505618,,,,,,,,,,,
DescriptiveLearning3,,,,,,,4.651685393,,,,,,,,,,,
DescriptiveLearning4,,,,,,,4.859060403,,,,,,,,,,,
InjunctiveLearning1,,,,,,,5.695067265,,,,,,,,,,,
InjunctiveLearning2,,,,,,,5.378076063,,,,,,,,,,,
InjunctiveLearning3,,,,,,,5.085201794,,,,,,,,,,,
InjunctiveLearning4,,,,,,,5.140939597,,,,,,,,,,,
VaccineLocalArea,,,,,,,69.08071749,6.819126819,6.756626506,6.628297362,6.434679335,6.674074074,6.760290557,,,,,
VaccineLocalRightThing,,,,,,,70.08520179,6.9125,6.863636364,6.700956938,6.433333333,6.661728395,,,,,,
DecisionMask1,,,,,,,3.228187919,4.328482328,,,,,,,,,,
DecisionMask2,,,,,,,5.612975391,5.754677755,,,,,,,,,,
DecisionMask3,,,,,,,3.087443946,3.9125,,,,,,,,,,
DecisionMask4,,,,,,,2.970917226,3.507276507,,,,,,,,,,
NormDisagreement1,,,,,,,3.069977427,,,,,,,,,,,
NormDisagreement2,,,,,,,3.101351351,,,,,,,,,,,
NormDisagreement3,,,,,,,3.033783784,,,,,,,,,,,
PostVaccineActivity1,,,,,,,3.558558559,,,,,,,,,,,
PostVaccineActivity2,,,,,,,4.936794582,,,,,,,,,,,
PostVaccineActivity3,,,,,,,7.585972851,,,,,,,,,,,
PostVaccineActivity4,,,,,,,3.451467269,,,,,,,,,,,
PostVaccineActivity5,,,,,,,4.051801802,,,,,,,,,,,
PostVaccineActivity6,,,,,,,6.86036036,,,,,,,,,,,
PostVaccineActivity7,,,,,,,5.536199095,,,,,,,,,,,
PostVaccineActivity8,,,,,,,2.991011236,,,,,,,,,,,
PostVaccineActivity9,,,,,,,3.905617978,,,,,,,,,,,
PostVaccineActivity10,,,,,,,8.07918552,,,,,,,,,,,
PostVaccineActivity11,,,,,,,7.043280182,,,,,,,,,,,
PostVaccineActivity12,,,,,,,5.977324263,,,,,,,,,,,
PostVaccineActivity13,,,,,,,6.572727273,,,,,,,,,,,
PostVaccineActivity14,,,,,,,7.033936652,,,,,,,,,,,
PostVaccineActivity15,,,,,,,6.950226244,,,,,,,,,,,
PostVaccineActivity16,,,,,,,5.06981982,,,,,,,,,,,
CDCguidelines1,,,,,,,1,,,,,,,,,,,
CDCguidelines2,,,,,,,1,,,,,,,,,,,
CDCguidelines3,,,,,,,1,,,,,,,,,,,
CDCguidelines4,,,,,,,1,,,,,,,,,,,
CDCpostVaccine,,,,,,,5.651685393,,,,,,,,,,,
EffortLive,,,,,,,74.40358744,,75.58711217,,74.48571429,,,,,,,
NoEffortLive,,,,,,,48.3752809,,47.68181818,,48.09976247,,,,,,,
LifeExpectancy,,,,,,,81.95306122,,84.58937198,,,,,,,,,
Bored1,,,,,,,2.381165919,,,,,,,,,2.403125,,
Bored2,,,,,,,3.515695067,,,,,,,,,3.031347962,,
Bored3,,,,,,,2.907865169,,,,,,,,,2.8,,
OftenUncertain1,,,,,,,3.270693512,,,,,,,,,2.5375,,
OftenUncertain2,,,,,,,4.823266219,,,,,,,,,3.59375,,
OftenUncertain3,,,,,,,3.943946188,,,,,,,,,3.39375,,
QAnon1,,,,,,,4.599552573,4.548856549,4.579952267,4.655502392,4.717339667,4.812345679,,,,,,
QAnon2,,,,,,,2.353467562,2.311850312,2.269689737,2.362768496,2.266666667,2.345679012,,,,,,
QAnon3,,,,,,,5.612612613,5.444906445,5.680190931,5.679425837,5.65,5.711111111,,,,,,
FeetToInches,,,,,,,61.74887892,61.775,,,,,,,,,,
InchesTotal,,,,,,,67.47085202,67.4625,,,,,,,,,,
Height,,,,,,,5.622571001,5.621875,,,,5.643267652,,,,,,
WorkHome,,,,,,,,2.490644491,,,,,,,,,,
ConcernAlterDNA,,,,,,,,2.276507277,,,,,,,,,,
ThinkVaccinated,,,,,,,,5.53014553,,,,,,,,,,
VaccineAttitudes1,,,,,,,,1.282744283,,,,,,,,,,
VaccineAttitudes2,,,,,,,,5.041666667,,,,,,,,,,
VaccineAttitudes3,,,,,,,,2.216216216,,,,,,,,,,
VaccineAttitudes4,,,,,,,,3.509355509,,,,,,,,,,
MaskToComply,,,,,,,,1.844074844,1.778042959,,,,,,,,,
Mortality1,,,,,,,,15.63201663,,,,,,,,,,
Mortality2,,,,,,,,10.002079,,,,,,,,,,
Mortality3,,,,,,,,8.658333333,,,,,,,,,,
Mortality4,,,,,,,,14.83367983,,,,,,,,,,
Mortality5,,,,,,,,20.995842,,,,,,,,,,
Mortality6,,,,,,,,5.586638831,,,,,,,,,,
Mortality7,,,,,,,,10.34663866,,,,,,,,,,
Mortality8,,,,,,,,17.32635983,,,,,,,,,,
VaccineWork,,,,,,,,,2.062953995,,,1.92481203,,,,,,
VaccineEncouraged,,,,,,,,,4.094986807,,,4.512820513,,,,,,
Caregiving,,,,,,,,,1.71291866,,,,,,,,,
Vaccine4Care,,,,,,,,,5.4,,,,,,,,,
VaccineChild,,,,,,,,,5.086021505,,,,,,,,,
MaskMandate,,,,,,,,,1.545454545,,,,,,,,,
VaccineStatus,,,,,,,,,2.38277512,,,,,,,,,
MaskMandates1,,,,,,,,,4.622009569,,,,,,,,,
MaskMandates2,,,,,,,,,4.607655502,,,,,,,,,
MaskMandates3,,,,,,,,,2.605263158,,,,,,,,,
StudyVSdowntime,,,,,,,,,2.178997613,,,,,,,,,
Agency1,,,,,,,,,5.417661098,,,,,,,,,
Agency2,,,,,,,,,2.153110048,,,,,,,,,
Agency3,,,,,,,,,1.976133652,,,,,,,,,
Agency4,,,,,,,,,5.681055156,,,,,,,,,
Agency5,,,,,,,,,2.315789474,,,,,,,,,
Agency6,,,,,,,,,2.30548926,,,,,,,,,
Agency7,,,,,,,,,2.057416268,,,,,,,,,
Agency8,,,,,,,,,4.849642005,,,,,,,,,
Agency9,,,,,,,,,5.563245823,,,,,,,,,
Agency10,,,,,,,,,1.96882494,,,,,,,,,
Agency11,,,,,,,,,1.707434053,,,,,,,,,
Agency12,,,,,,,,,4.181384248,,,,,,,,,
Agency13,,,,,,,,,5.3150358,,,,,,,,,
PositiveRightNow1,,,,,,,,,68.33971292,67.11961722,,,63.60240964,,65.59894459,64.85849057,61.03098592,
PositiveRightNow2,,,,,,,,,51.12470024,52.61004785,,,43.27295285,,39.64907652,44.25471698,38.44632768,
PositiveRightNow3,,,,,,,,,,,,,,,53.73015873,55.170347,50.63380282,
OptimisticLife1,,,,,,,,,66.09090909,,,,,,,62.58490566,,
OptimisticLife2,,,,,,,,,70.40430622,,,,,,,66.12933754,,
OptimisticLife3,,,,,,,,,66.84449761,,,,,,,61.83962264,,
OptimisticLife4,,,,,,,,,56.70048309,,,,,,,52.24683544,,
OptimisticLife5,,,,,,,,,32.27710843,,,,,,,30.46153846,,
OptimisticLife6,,,,,,,,,25.46454768,,,,,,,,,
OptimisticWorld1,,,,,,,,,53.13189448,,,,,,,45.80126183,,
OptimisticWorld2,,,,,,,,,57.25961538,,,,,,,48.00946372,,
OptimisticWorld3,,,,,,,,,57.98081535,,,,,,,49.20504732,,
OptimisticWorld4,,,,,,,,,56.6849642,,,,,,,47.54574132,,
OptimisticWorld5,,,,,,,,,54.09307876,,,,,,,45.31847134,,
OptimisticWorld6,,,,,,,,,52.17391304,,,,,,,43.7170418,,
OptimisticWorld7,,,,,,,,,50.60336538,,,,,,,42.98726115,,
OptimisticWorld8,,,,,,,,,48.28125,,,,,,,41.89456869,,
SoPA,,,,,,,,,5.169864109,,,,,,,,,
SoNA,,,,,,,,,2.061719834,,,,,,,,,
CurrentHrlyWrk,,,,,,,,,,1.301435407,,1.280788177,,,,,,
HrlyWrkMonthAgo,,,,,,,,,,1.295942721,,,,,,,,
NoMaskOutPoliOri,,,,,,,,,,8.393794749,,,,,,,,
NoMaskOutVacc,,,,,,,,,,6.208133971,,,,,,,,
MaskOutPoliOri,,,,,,,,,,5.064439141,,,,,,,,
MaskOutVacc,,,,,,,,,,7.200956938,,,,,,,,
NoMaskInPoliOri,,,,,,,,,,8.303827751,,,,,,,,
NoMaskInVacc,,,,,,,,,,6.038186158,,,,,,,,
MaskInPoliOri,,,,,,,,,,5.312649165,,,,,,,,
MaskInVacc,,,,,,,,,,7.179425837,,,,,,,,
OthersJudgeMask,,,,,,,,,,5.133651551,,,,,,,,
JudgeWearMask,,,,,,,,,,7.627684964,,,,,,,,
PositiveLife1,,,,,,,,,,63.51312649,,,,,,,,
PositiveLife2,,,,,,,,,,56.09330144,,,,,60.2823219,59.91194969,59.32294618,
PositiveLife3,,,,,,,,,,71.0645933,,,,,,,,
PositiveLife4,,,,,,,,,,76.3117506,,,,,,,,
PositiveLife5,,,,,,,,,,48.53493976,,,,,,,,
PositiveWorld1,,,,,,,,,,49.7947494,,,,,,,,
PositiveWorld2,,,,,,,,,,40.53717026,,,,,47.06860158,45.56918239,44.1898017,
PositiveWorld3,,,,,,,,,,62.16067146,,,,,,,,
PositiveWorld4,,,,,,,,,,66.13221154,,,,,,,,
PositiveWorld5,,,,,,,,,,61.85202864,,,,,,,,
PositiveWorld6,,,,,,,,,,45.11084337,,,,,,,,
PositiveWorld7,,,,,,,,,,44.17349398,,,,,,,,
PositiveWorld8,,,,,,,,,,37.63990268,,,,,,,,
LifeOrientation1,,,,,,,,,,3.1575179,,,,,,,,
LifeOrientation2,,,,,,,,,,3.367541766,,,,,,,,
LifeOrientation3,,,,,,,,,,3.386634845,,,,,,,,
LifeOrientation4,,,,,,,,,,3.456937799,,,,,,,,
LifeOrientation5,,,,,,,,,,3.396181384,,,,,,,,
LifeOrientation6,,,,,,,,,,3.53699284,,,,,,,,
Loneliness1,,,,,,,,,,1.976133652,,,,,,,,
Loneliness2,,,,,,,,,,1.978520286,,,,,,,,
Loneliness3,,,,,,,,,,1.574162679,,,,,,,,
Loneliness4,,,,,,,,,,1.997607656,,,,,,,,
Loneliness5,,,,,,,,,,2.052757794,,,,,,,,
Loneliness6,,,,,,,,,,1.69451074,,,,,,,,
Loneliness7,,,,,,,,,,1.672248804,,,,,,,,
Loneliness8,,,,,,,,,,1.761336516,,,,,,,,
Loneliness9,,,,,,,,,,1.949880668,,,,,,,,
Loneliness10,,,,,,,,,,1.858851675,,,,,,,,
Loneliness11,,,,,,,,,,1.769784173,,,,,,,,
Loneliness12,,,,,,,,,,1.703349282,,,,,,,,
Loneliness13,,,,,,,,,,1.883054893,,,,,,,,
Loneliness14,,,,,,,,,,1.649164678,,,,,,,,
Loneliness15,,,,,,,,,,2.071770335,,,,,,,,
Loneliness16,,,,,,,,,,1.964114833,,,,,,,,
Loneliness17,,,,,,,,,,1.669856459,,,,,,,,
Loneliness18,,,,,,,,,,2.081145585,,,,,,,,
Loneliness19,,,,,,,,,,1.715990453,,,,,,,,
Loneliness20,,,,,,,,,,1.959330144,,,,,,,,
FriendsRisks1,,,5.767973856,,,,,,,5.220095694,,,,,,,,
FriendsRisks2,,,,,,,,,,3.748803828,,,,,,,,
FriendsRisks3,,,4.385365854,,,,,,,4.529832936,,,,,,,,
FriendsRisks4,,,,,,,,,,2.973557692,,,,,,,,
FriendsRisks5,,,,,,,,,,3.96882494,,,,,,,,
FriendsRisks6,,,,,,,,,,4.261390887,,,,,,,,
FriendsRisks7,,,3.239413681,,,,,,,3.172661871,,,,,,,,
ContactFriends,,,,,,,,,,2.414868106,,,,,,,,
PanWorseFriends,,,,,,,,,,3.069212411,,,,,,,,
PanBetterFriends,,,,,,,,,,3.625298329,,,,,,,,
SatisfiedFriends,,,,,,,,,,4.706443914,,,,,,,,
LifeOrientation,,,,,,,,,,10.14473684,,,,,,,,
Loneliness,,,,,,,,,,36.98780488,,,,,,,,
Closure1,,,,,,,,,,,4.614285714,,,,,,,
Closure2,,,,,,,,,,,3.621428571,,,,,,,
Closure3,,,,,,,,,,,4.280285036,,,,,,,
Closure4,,,,,,,,,,,3.921428571,,,,,,,
Closure5,,,,,,,,,,,2.926365796,,,,,,,
Closure6,,,,,,,,,,,4.367541766,,,,,,,
Closure7,,,,,,,,,,,4.439429929,,,,,,,
Closure8,,,,,,,,,,,3.985748219,,,,,,,
Closure9,,,,,,,,,,,3.317422434,,,,,,,
Closure10,,,,,,,,,,,4.088095238,,,,,,,
Closure11,,,,,,,,,,,3.961995249,,,,,,,
Closure12,,,,,,,,,,,4.40430622,,,,,,,
Closure13,,,,,,,,,,,4.382422803,,,,,,,
Closure14,,,,,,,,,,,3.30952381,,,,,,,
Closure15,,,,,,,,,,,4.377672209,,,,,,,
OptimisticEvent,,,,,,,,,,,74.19856459,,,,,,,
TimeToEventYears,,,,,,,,,,,2.628318584,,,,,,,
TimeToEventMonths,,,,,,,,,,,2.824712644,,,,,,,
TimeToEventWeeks,,,,,,,,,,,1.724738676,,,,,,,
TimeToEventDays,,,,,,,,,,,6.967857143,,,,,,,
Closure,,,,,,,,,,,59.95843521,,,,,,,
Relationship,,,,,,,,,,,,2.169950739,,,,,,
RelationChange,,,,,,,,,,,,1.056650246,,,,,,
RelationTypeChang,,,,,,,,,,,,2.47826087,,,,,,
MonthRelStatus,,,,,,,,,,,,6.956521739,,,,,,
JobChange,,,,,,,,,,,,1.081280788,,,,,,
HowManyJobChange,,,,,,,,,,,,1.212121212,,,,,,
MonthChangeJob,,,,,,,,,,,,6.46875,,,,,,
JobChangeStatus,,,,,,,,,,,,2.46875,,,,,,
TimeOffForVaccine,,,,,,,,,,,,3.858974359,,,,,,
JobRiskCovid,,,,,,,,,,,,2.9,,,,,,
PopChallenge,,,,,,,,,,,,2.640394089,,,,,,
TechVSconsume,,,,,,,,,,,,99.82394366,,,,,,
BIDR1,,,,,,,,,,,,4.351485149,,,4.527704485,,,3.529069767
BIDR2,,,,,,,,,,,,4.540740741,,,4.820580475,,,4.639534884
BIDR3,,,,,,,,,,,,4.483950617,,,4.608465608,,,3.33625731
BIDR4,,,,,,,,,,,,2.745679012,,,2.716931217,,,2.808139535
BIDR5,,,,,,,,,,,,4.569306931,,,4.585751979,,,3.476744186
BIDR6,,,,,,,,,,,,4.698019802,,,4.788918206,,,4.813953488
BIDR7,,,,,,,,,,,,5.120987654,,,5.026737968,,,4.956140351
BIDR8,,,,,,,,,,,,4.589108911,,,4.735449735,,,3.387755102
Treatment1,,,,,,,,,,,,1.4075,,,,,,
Treatment2,,,,,,,,,,,,1.68,,,,,,
Treatment3,,,,,,,,,,,,2.121588089,,,,,,
Treatment4,,,,,,,,,,,,2.565756824,,,,,,
Treatment5,,,,,,,,,,,,2.78817734,,,,,,
FMIntentionsSocial,,,,,,,,,,,,3.257425743,,,,,,
FMIntentionsKin,,,,,,,,,,,,3.784119107,,,,,,
FMIntentionsMating,,,,,,,,,,,,2.128712871,,,,,,
FMIntentionsStatus,,,,,,,,,,,,2.437810945,,,,,,
FoodScarcity1,,,,,,,,,,,,4.608374384,,,,,,
FoodScarcity2,,,,,,,,,,,,4.464197531,,,,,,
FoodScarcity3,,,,,,,,,,,,4.441975309,,,,,,
FoodScarcity4,,,,,,,,,,,,4.647783251,,,,,,
FoodScarcity5,,,,,,,,,,,,4.720987654,,,,,,
FoodScarcity6,,,,,,,,,,,,4.655172414,,,,,,
FoodScarcity7,,,,,,,,,,,,4.439506173,,,,,,
FoodScarcity8,,,,,,,,,,,,4.562962963,,,,,,
FoodInsecurity1,,,,,,,,,,,,1.24137931,,,1.21957672,,,1.238372093
FoodInsecurity2,,,,,,,,,,,,1.130541872,,,1.12962963,,,1.197674419
FoodInsecurity3,,,,,,,,,,,,1.083950617,,,1.066137566,,,1.093567251
FoodInsecurity4,,,,,,,,,,,,,,,1.095238095,,,1.12173913
SixMonthsPassed,,,,,,,,,,,,3.434567901,,,3.44973545,3.451713396,,3.485465116
FarMonth2019,,,,,,,,,,,,3.495073892,,,,,,
FarYear2019,,,,,,,,,,,,4.659259259,,,,,,
Asteroid1,,,,,,,,,,,,1.586633663,,,,,,
Asteroid2,,,,,,,,,,,,1.841191067,,,,,,
Asteroid3,,,,,,,,,,,,2.262376238,,,,,,
Asteroid4,,,,,,,,,,,,2.611386139,,,,,,
Asteroid5,,,,,,,,,,,,2.806930693,,,,,,
SelfEnhancement,,,,,,,,,,,,4.388992537,,,4.478773585,,,
AnticipatedFoodScarcity,,,,,,,,,,,,4.571828358,,,,,,
FoodInsecurity,,,,,,,,,,,,3.456790123,,,1.127645503,,,
Booster,,,,,,,,,,,,,5.714285714,7.04622871,7.240105541,6.171339564,6.134831461,5.813953488
TrustBooster,,,,,,,,,,,,,5.28125,5.340632603,5.335092348,5.024922118,5.039660057,4.871720117
RecommendBooster,,,,,,,,,,,,,1.466346154,1.170316302,1.201591512,1.361370717,1.447887324,1.468023256
BoosterLocalArea,,,,,,,,,,,,,5.884615385,5.575609756,5.685185185,5.053125,5.11299435,4.836734694
BoosterUS.14,,,,,,,,,,,,,,5.584352078,5.566137566,5.137071651,5.185393258,5.052325581
Identities1,,,,,,,,,,,,,3.642512077,,,,,
Identities2,,,,,,,,,,,,,3.251815981,,,,,
Identities3,,,,,,,,,,,,,4.779661017,,,,,
Identities4,,,,,,,,,,,,,4.801452785,,,,,
Identities5,,,,,,,,,,,,,5.016990291,,,,,
EffortHealth,,,,,,,,,,,,,71.89613527,,,,,
Certain1,,,,,,,,,,,,,75.7433414,,,,,
Certain2,,,,,,,,,,,,,68.4622871,,,,,
CertainFutureLife1,,,,,,,,,,,,,68.03373494,,,,,
CertainFutureLife2,,,,,,,,,,,,,62.96859903,,,,,
CertainFutureLife4,,,,,,,,,,,,,51.27007299,,,,,
CertainFutureLife5,,,,,,,,,,,,,38.53883495,,,,,
CertainFutureLife6,,,,,,,,,,,,,37.64938272,,,,,
CertainFutureWorld1,,,,,,,,,,,,,63.04578313,,,,,
CertainFutureWorld2,,,,,,,,,,,,,58.19518072,,,,,
CertainFutureWorld4,,,,,,,,,,,,,48.1373494,,,,,
CertainFutureWorld5,,,,,,,,,,,,,40.1283293,,,,,
CertainFutureWorld6,,,,,,,,,,,,,35.19708029,,,,,
CertainFutureWorld7,,,,,,,,,,,,,31.35784314,,,,,
CertainFutureWorld8,,,,,,,,,,,,,27.2839196,,,,,
RegFocus1,,,,,,,,,,,,,3.335748792,,,,,
RegFocus2,,,,,,,,,,,,,3.534939759,,,,,
RegFocus3,,,,,,,,,,,,,3.397590361,,,,,
RegFocus4,,,,,,,,,,,,,3.252403846,,,,,
RegFocus5,,,,,,,,,,,,,3.96875,,,,,
RegFocus6,,,,,,,,,,,,,3.322115385,,,,,
RegFocus7,,,,,,,,,,,,,3.661057692,,,,,
RegFocus8,,,,,,,,,,,,,3.572115385,,,,,
RegFocus9,,,,,,,,,,,,,3.245192308,,,,,
RegFocus10,,,,,,,,,,,,,3.438554217,,,,,
RegFocus11,,,,,,,,,,,,,3.75,,,,,
Promotion,,,,,,,,,,,,,3.471278317,,,,,
Prevention,,,,,,,,,,,,,3.527228916,,,,,
PFINeighAffectTimeFirstClick,,,,,,,,,,,,,,12.30859124,7.578163588,9.159009346,12.10310084,7.647265896
PFINeighAffectTimeLastClick,,,,,,,,,,,,,,19.61871776,14.13190765,16.29750156,20.43552381,16.55559538
PFINeighAffectTimePageSubmit,,,,,,,,,,,,,,21.50545985,16.32412929,17.97981931,22.28170308,18.30873988
PFINeighAffectTimeClickCount,,,,,,,,,,,,,,3.720194647,3.64116095,3.884735202,3.742296919,3.647398844
PFINeighFateTimeFirstClick,,,,,,,,,,,,,,9.640430657,9.097279683,15.63692523,9.962616246,19.18884682
PFINeighFateTimeLastClick,,,,,,,,,,,,,,17.32737713,15.84356728,22.74592212,19.01204202,25.32466474
PFINeighFateTimePageSubmit,,,,,,,,,,,,,,18.81035523,18.09330079,24.32553583,20.76317087,26.86473699
PFINeighFateTimeClickCount,,,,,,,,,,,,,,3.686131387,3.73878628,3.809968847,3.781512605,3.722543353
HelpNeighTimeFirstClick,,,,,,,,,,,,,,9.684141119,10.37059367,9.080046729,9.084633053,8.167043353
HelpNeighTimeLastClick,,,,,,,,,,,,,,14.22345012,14.67326913,13.92387539,13.32239496,16.08091618
HelpNeighTimePageSubmit,,,,,,,,,,,,,,15.77645985,16.42971504,15.39890031,15.03464986,17.62396243
HelpNeighTimeClickCount,,,,,,,,,,,,,,2.632603406,2.598944591,2.747663551,2.616246499,2.575144509
PFIcountryAffectTimeFirstClick,,,,,,,,,,,,,,10.6833309,10.63007652,6.145785714,7.424689076,5.966510086
PFIcountryAffectTimeLastClick,,,,,,,,,,,,,,17.6739781,17.21744591,13.11368012,13.9127591,12.7207781
PFIcountryAffectTimePageSubmit,,,,,,,,,,,,,,19.50020195,19.09402375,14.9835559,15.9617507,14.89425937
PFIcountryAffectTimeClickCount,,,,,,,,,,,,,,3.695863747,3.614775726,3.711180124,3.677871148,3.55907781
PFIcountryFateTimeFirstClick,,,,,,,,,,,,,,9.158445255,7.694234828,7.777956522,7.457815126,11.89586167
PFIcountryFateTimeLastClick,,,,,,,,,,,,,,15.37290998,14.00354881,14.77209006,14.51243697,19.62064265
PFIcountryFateTimePageSubmit,,,,,,,,,,,,,,17.07609489,15.98364644,17.44924845,16.55889356,21.85157349
PFIcountryFateTimeClickCount,,,,,,,,,,,,,,3.610705596,3.701846966,3.720496894,4.215686275,3.567723343
HelpCountryTimeFirstClick,,,,,,,,,,,,,,10.47519951,13.37727968,12.68298137,17.68368347,12.94403746
HelpCountryTimeLastClick,,,,,,,,,,,,,,17.06469343,18.76837995,18.15535714,26.95859944,17.65298847
HelpCountryTimePageSubmit,,,,,,,,,,,,,,18.88766667,20.58309235,20.03268012,28.70143697,19.51125072
HelpCountryTimeClickCount,,,,,,,,,,,,,,2.795620438,2.730870712,2.745341615,2.725490196,2.619596542
CelebrateXmas,,,,,,,,,,,,,,1.827250608,,,,
FarXmas1,,,,,,,,,,,,,,14.87020649,,,,
PrepXmas1,,,,,,,,,,,,,,29.50887574,,,,
QuickXmas,,,,,,,,,,,,,,7.776119403,,,,
FamilyXmas1,,,,,,,,,,,,,,69.01186944,,,,
ResponsibilityXmas,,,,,,,,,,,,,,5.442477876,,,,
ShareResponsibility1,,,,,,,,,,,,,,43.43067847,,,,
ConcernCovidXmas,,,,,,,,,,,,,,3.767647059,,,,
ConcernOtherXmas,,,,,,,,,,,,,,3.374631268,,,,
PerceptionRiskXmas,,,,,,,,,,,,,,3.497058824,,,,
InfectionSeverityXmas,,,,,,,,,,,,,,3.426035503,,,,
HowManyXmas,,,,,,,,,,,,,,6.317647059,,,,
NotHouseHoldXmas,,,,,,,,,,,,,,4.026946108,,,,
CancelXmas,,,,,,,,,,,,,,2.278106509,,,,
IOSXmas,,,,,,,,,,,,,,8.650887574,,,,
AnimalVirus1.1,,,,,,,,,,,,,,1.485436893,,,,
AnimalVirus1.2,,,,,,,,,,,,,,1.733009709,,,,
AnimalVirus1.3,,,,,,,,,,,,,,2.252427184,,,,
AnimalVirus1.4,,,,,,,,,,,,,,2.645631068,,,,
AnimalVirus1.5,,,,,,,,,,,,,,2.77184466,,,,
AnimalVirus2.1,,,,,,,,,,,,,,1.588235294,,,,
AnimalVirus2.2,,,,,,,,,,,,,,1.832512315,,,,
AnimalVirus2.3,,,,,,,,,,,,,,2.305418719,,,,
AnimalVirus2.4,,,,,,,,,,,,,,2.673267327,,,,
AnimalVirus2.5,,,,,,,,,,,,,,2.823529412,,,,
TerroristVirus1.1,,,,,,,,,,,,,,1.512195122,,,,
TerroristVirus1.2,,,,,,,,,,,,,,1.77184466,,,,
TerroristVirus1.3,,,,,,,,,,,,,,2.281553398,,,,
TerroristVirus1.4,,,,,,,,,,,,,,2.658536585,,,,
TerroristVirus1.5,,,,,,,,,,,,,,2.776699029,,,,
TerroristVirus2.1,,,,,,,,,,,,,,1.568627451,,,,
TerroristVirus2.2,,,,,,,,,,,,,,1.822660099,,,,
TerroristVirus2.3,,,,,,,,,,,,,,2.300492611,,,,
TerroristVirus2.4,,,,,,,,,,,,,,2.693069307,,,,
TerroristVirus2.5,,,,,,,,,,,,,,2.81372549,,,,
Believe90,,,,,,,,,,,,,,2.626829268,,,,
Believe50,,,,,,,,,,,,,,2.464720195,,,,
Believe10,,,,,,,,,,,,,,2.795620438,,,,
BelieveEnd,,,,,,,,,,,,,,3.136585366,,,,
ProtectiveEffort1,,,,,,,,,,,,,,6.017156863,,,,
ProtectiveEffort2,,,,,,,,,,,,,,5.843520782,,,,
ProtectiveEffort3,,,,,,,,,,,,,,5.391198044,,,,
ProtectiveEffort4,,,,,,,,,,,,,,5.476772616,,,,
ProtectiveEffort5,,,,,,,,,,,,,,5.96097561,,,,
Tired1,,,,,,,,,,,,,,4.551219512,4.541114058,4.625,4.761235955,4.669565217
Tired2,,,,,,,,,,,,,,4.231143552,4.150793651,4.177570093,4.300561798,4.194202899
Tired3,,,,,,,,,,,,,,4.541463415,4.412698413,4.53894081,4.634831461,4.441860465
Tired4,,,,,,,,,,,,,,4.263414634,4.158311346,4.14375,4.185915493,4.066666667
Tired5,,,,,,,,,,,,,,3.946341463,3.878627968,3.831775701,4.02247191,3.857971014
GivenUp1,,,,,,,,,,,,,,2.365853659,2.699208443,3.345794393,3.68079096,3.753623188
GivenUp2,,,,,,,,,,,,,,2.590243902,3.023746702,3.560747664,3.834269663,3.904069767
GivenUp3,,,,,,,,,,,,,,3.138686131,3.32010582,3.86875,4.157303371,4.166180758
GivenUp4,,,,,,,,,,,,,,2.726829268,3.013262599,3.442367601,3.692957746,3.843478261
GivenUp5,,,,,,,,,,,,,,2.343065693,2.642857143,3,3.20505618,3.284057971
ExistentialRiskOrder,,,,,,,,,,,,,,1.498783455,,,,
AppettitePandemic1,,,,,,,,,,,,,,,2.851458886,,,2.736231884
AppettitePandemic2,,,,,,,,,,,,,,,2.415343915,,,2.371014493
AppettitePandemic3,,,,,,,,,,,,,,,2.886243386,,,2.707246377
AppettitePandemic4,,,,,,,,,,,,,,,2.216931217,,,2.441860465
AppettitePandemic5,,,,,,,,,,,,,,,2.201058201,,,2.368115942
AppettitePandemic6,,,,,,,,,,,,,,,2.124668435,,,2.14619883
AppettitePastMonth1,,,,,,,,,,,,,,,2.756613757,,,2.486956522
AppettitePastMonth2,,,,,,,,,,,,,,,2.492063492,,,2.333333333
AppettitePastMonth3,,,,,,,,,,,,,,,2.791005291,,,2.536231884
AppettitePastMonth4,,,,,,,,,,,,,,,2.153439153,,,2.520348837
AppettitePastMonth6,,,,,,,,,,,,,,,2.164456233,,,2.382608696
AppettitePastMonth7,,,,,,,,,,,,,,,2.148541114,,,2.203488372
PositivePast3,,,,,,,,,,,,,,,52.176781,51.09810127,50.26345609,
MoralCircles1,,,,,,,,,,,,,,,82.57824934,,,
MoralCircles2,,,,,,,,,,,,,,,65.10079576,,,
MoralCircles3,,,,,,,,,,,,,,,69.48138298,,,
MoralCircles4,,,,,,,,,,,,,,,57.82446809,,,
MoralCircles5,,,,,,,,,,,,,,,48.75531915,,,
MoralCircles6,,,,,,,,,,,,,,,39.89866667,,,
MoralCircles7,,,,,,,,,,,,,,,39.98395722,,,
MoralCircles8,,,,,,,,,,,,,,,37.60695187,,,
MoralCircles9,,,,,,,,,,,,,,,37.04289544,,,
MoralCircles10,,,,,,,,,,,,,,,45.24331551,,,
MoralCircles11,,,,,,,,,,,,,,,43.18181818,,,
MoralCircles12,,,,,,,,,,,,,,,36.20911528,,,
MoralCircles13,,,,,,,,,,,,,,,35.12096774,,,
MoralCircles14,,,,,,,,,,,,,,,43.98652291,,,
MoralCircles15,,,,,,,,,,,,,,,32.0536193,,,
MoralCircles16,,,,,,,,,,,,,,,40.00534759,,,
TimesHadCovid,,,,,,,,,,,,,,,,0.276315789,3.78597786,1.237410072
TravelMask1,,,,,,,,,,,,,,,,4.715625,4.83988764,
TravelMask2,,,,,,,,,,,,,,,,3.775700935,4,
TravelMask3,,,,,,,,,,,,,,,,2.784375,3,
GottenBooster,,,,,,,,,,,,,,,,1.358255452,1.370786517,1.363372093
SpeedTime1,,,,,,,,,,,,,,,,5.4875,,
SpeedTime2,,,,,,,,,,,,,,,,5.48427673,,
SpeedTime3,,,,,,,,,,,,,,,,5.2875,,
SpeedTime4,,,,,,,,,,,,,,,,5.734375,,
SpeedTime5,,,,,,,,,,,,,,,,5.724137931,,
LengthTime1,,,,,,,,,,,,,,,,4.830721003,,
LengthTime2,,,,,,,,,,,,,,,,4.512578616,,
TimePassed1,,,,,,,,,,,,,,,,5.209375,,
TimePassed2,,,,,,,,,,,,,,,,4.840625,,
OptimismFutureLife1,,,,,,,,,,,,,,,,6.163009404,,
OptimismFutureLife2,,,,,,,,,,,,,,,,6.470031546,,
OptimismFutureLife3,,,,,,,,,,,,,,,,5.802507837,,
OptimismFutureLife4,,,,,,,,,,,,,,,,5.542586751,,
OptimismFutureLife5,,,,,,,,,,,,,,,,5.742946708,,
OptimismFutureLife6,,,,,,,,,,,,,,,,5.901898734,,
OptimismFutureLife7,,,,,,,,,,,,,,,,5.204402516,,
OptimismFutureLife8,,,,,,,,,,,,,,,,4.383333333,,
OptimismFutureWorld1,,,,,,,,,,,,,,,,5.636363636,,
OptimismFutureWorld2,,,,,,,,,,,,,,,,6.031347962,,
OptimismFutureWorld3,,,,,,,,,,,,,,,,5.659305994,,
OptimismFutureWorld4,,,,,,,,,,,,,,,,5.411949686,,
OptimismFutureWorld5,,,,,,,,,,,,,,,,5.5830721,,
OptimismFutureWorld6,,,,,,,,,,,,,,,,5.843260188,,
OptimismFutureWorld7,,,,,,,,,,,,,,,,5.861198738,,
OptimismFutureWorld8,,,,,,,,,,,,,,,,5.736677116,,
OptimismFutureWorld9,,,,,,,,,,,,,,,,4.294117647,,
TemporalFocus1,,,,,,,,,,,,,,,,4.119122257,,
TemporalFocus2,,,,,,,,,,,,,,,,5.128526646,,
TemporalFocus3,,,,,,,,,,,,,,,,4.73354232,,
TemporalFocus4,,,,,,,,,,,,,,,,5.401253918,,
TemporalFocus5,,,,,,,,,,,,,,,,4.451410658,,
TemporalFocus6,,,,,,,,,,,,,,,,4.009404389,,
TemporalFocus7,,,,,,,,,,,,,,,,4.394984326,,
TemporalFocus8,,,,,,,,,,,,,,,,5.025157233,,
TemporalFocus9,,,,,,,,,,,,,,,,4.272727273,,
TemporalFocus10,,,,,,,,,,,,,,,,4.940251572,,
TemporalFocus11,,,,,,,,,,,,,,,,3.956112853,,
TemporalFocus12,,,,,,,,,,,,,,,,4.598746082,,
CurrentEmotion1,,,,,,,,,,,,,,,,4.586206897,,
CurrentEmotion2,,,,,,,,,,,,,,,,1.75,,
CurrentEmotion3,,,,,,,,,,,,,,,,1.915625,,
CurrentEmotion4,,,,,,,,,,,,,,,,3.6375,,
CurrentEmotion5,,,,,,,,,,,,,,,,2.432601881,,
CurrentEmotion6,,,,,,,,,,,,,,,,2.255520505,,
CurrentEmotion7,,,,,,,,,,,,,,,,4.225,,
CurrentEmotion8,,,,,,,,,,,,,,,,4.984326019,,
CurrentEmotion9,,,,,,,,,,,,,,,,2.338557994,,
BeforeEmotion1,,,,,,,,,,,,,,,,4.81875,,
BeforeEmotion2,,,,,,,,,,,,,,,,1.959375,,
BeforeEmotion3,,,,,,,,,,,,,,,,2.021875,,
BeforeEmotion4,,,,,,,,,,,,,,,,3.975,,
BeforeEmotion5,,,,,,,,,,,,,,,,2.573667712,,
BeforeEmotion6,,,,,,,,,,,,,,,,2.353312303,,
BeforeEmotion7,,,,,,,,,,,,,,,,4.578616352,,
BeforeEmotion8,,,,,,,,,,,,,,,,4.962382445,,
BeforeEmotion9,,,,,,,,,,,,,,,,2.36163522,,
AgentVScomm1,,,,,,,,,,,,,,,,2.65615142,,
AgentVScomm2,,,,,,,,,,,,,,,,5.315457413,,
AgentVScomm3,,,,,,,,,,,,,,,,3.299684543,,
AgentVScomm4,,,,,,,,,,,,,,,,4.79245283,,
AgentVScomm5,,,,,,,,,,,,,,,,4.641509434,,
AgentVScomm6,,,,,,,,,,,,,,,,4.380503145,,
AgentVScomm7,,,,,,,,,,,,,,,,4.393081761,,
AgentVScomm8,,,,,,,,,,,,,,,,4.309148265,,
AgentVScomm9,,,,,,,,,,,,,,,,3.110062893,,
AgentVScomm10,,,,,,,,,,,,,,,,5.277602524,,
AgentVScomm11,,,,,,,,,,,,,,,,6.047468354,,
AgentVScomm12,,,,,,,,,,,,,,,,4.962264151,,
AgentVScomm13,,,,,,,,,,,,,,,,5.295597484,,
AgentVScomm14,,,,,,,,,,,,,,,,5.377358491,,
AgentVScomm15,,,,,,,,,,,,,,,,2.84591195,,
AgentVScomm16,,,,,,,,,,,,,,,,4.789308176,,
AgentVScomm17,,,,,,,,,,,,,,,,4.690851735,,
AgentVScomm18,,,,,,,,,,,,,,,,4.239747634,,
AgentVScomm19,,,,,,,,,,,,,,,,4.668769716,,
AgentVScomm20,,,,,,,,,,,,,,,,4.805031447,,
AgentVScomm21,,,,,,,,,,,,,,,,5.641269841,,
AgentVScomm22,,,,,,,,,,,,,,,,5.06918239,,
AgentVScomm23,,,,,,,,,,,,,,,,2.765079365,,
Status1,,,,,,,,,,,,,,,,4.501577287,,
Status2,,,,,,,,,,,,,,,,5.21835443,,
Status3,,,,,,,,,,,,,,,,2.249211356,,
Status4,,,,,,,,,,,,,,,,3.990536278,,
Status5,,,,,,,,,,,,,,,,2.470031546,,
Status6,,,,,,,,,,,,,,,,5.52681388,,
Status7,,,,,,,,,,,,,,,,2.056782334,,
Status8,,,,,,,,,,,,,,,,4.122641509,,
Status9,,,,,,,,,,,,,,,,2.5,,
Status10,,,,,,,,,,,,,,,,3.349056604,,
Status11,,,,,,,,,,,,,,,,2.246056782,,
Status12,,,,,,,,,,,,,,,,3.330188679,,
Status13,,,,,,,,,,,,,,,,4.347003155,,
Status14,,,,,,,,,,,,,,,,4.069620253,,
Status15,,,,,,,,,,,,,,,,4.228571429,,
Status16,,,,,,,,,,,,,,,,2.066037736,,
Status17,,,,,,,,,,,,,,,,5.704402516,,
Hope1,,,,,,,,,,,,,,,,6.128930818,,
Hope2,,,,,,,,,,,,,,,,5.364779874,,
Hope3,,,,,,,,,,,,,,,,5.506289308,,
Hope4,,,,,,,,,,,,,,,,4.974842767,,
Hope5,,,,,,,,,,,,,,,,5.490566038,,
Hope6,,,,,,,,,,,,,,,,5.128930818,,
Flourishing1,,,,,,,,,,,,,,,,7.009463722,,
Flourishing2,,,,,,,,,,,,,,,,7.195583596,,
Flourishing3,,,,,,,,,,,,,,,,7.339622642,,
Flourishing4,,,,,,,,,,,,,,,,7.899053628,,
Flourishing5,,,,,,,,,,,,,,,,8.006289308,,
Flourishing6,,,,,,,,,,,,,,,,7.443396226,,
Flourishing7,,,,,,,,,,,,,,,,8.318611987,,
Flourishing8,,,,,,,,,,,,,,,,7.927444795,,
Flourishing9,,,,,,,,,,,,,,,,7.688679245,,
Flourishing10,,,,,,,,,,,,,,,,7.237341772,,
Flourishing11,,,,,,,,,,,,,,,,6.968553459,,
Flourishing12,,,,,,,,,,,,,,,,7.094339623,,
Dominance,,,,,,,,,,,,,,,,2.53525641,,
Prestige,,,,,,,,,,,,,,,,4.633083244,,
AgenticGoal,,,,,,,,,,,,,,,,4.257936508,,
CommunalGoal,,,,,,,,,,,,,,,,4.850318471,,
PastFocus,,,,,,,,,,,,,,,,16.35736677,,
PresentFocus,,,,,,,,,,,,,,,,20.52681388,,
FutureFocus,,,,,,,,,,,,,,,,18.17868339,,
HopeAgency,,,,,,,,,,,,,,,,15.46855346,,
HopePathways,,,,,,,,,,,,,,,,17.12578616,,
StateHopeTotal,,,,,,,,,,,,,,,,32.59433962,,
Flourish,,,,,,,,,,,,,,,,7.630546624,,
SecureFlourish,,,,,,,,,,,,,,,,7.530546624,,
RecentContactsInfect,,,,,,,,,,,,,,,,,2.472934473,2.795321637
PerceptionRiskNow,,,,,,,,,,,,,,,,,3.575498575,3.740524781
InfectionSeverityNow,,,,,,,,,,,,,,,,,3.583098592,3.485465116
Efficacy1,,,,,,,,,,,,,,,,,6.952247191,
Efficacy2,,,,,,,,,,,,,,,,,5.836158192,
Efficacy3,,,,,,,,,,,,,,,,,8.146067416,
Efficacy4,,,,,,,,,,,,,,,,,6.401685393,
Efficacy5,,,,,,,,,,,,,,,,,6.994382022,
Efficacy6,,,,,,,,,,,,,,,,,6.757746479,
Efficacy7,,,,,,,,,,,,,,,,,5.302259887,
Efficacy8,,,,,,,,,,,,,,,,,7.702247191,
Efficacy9,,,,,,,,,,,,,,,,,6.93258427,
Efficacy10,,,,,,,,,,,,,,,,,5.256338028,
Efficacy11,,,,,,,,,,,,,,,,,7.915492958,
Efficacy12,,,,,,,,,,,,,,,,,7.260623229,
Efficacy13,,,,,,,,,,,,,,,,,5.292957746,
Efficacy14,,,,,,,,,,,,,,,,,7.509859155,
Efficacy15,,,,,,,,,,,,,,,,,4.8,
Efficacy16,,,,,,,,,,,,,,,,,5.847887324,
Efficacy17,,,,,,,,,,,,,,,,,6.328651685,
Efficacy18,,,,,,,,,,,,,,,,,6.587570621,
Efficacy19,,,,,,,,,,,,,,,,,8.559322034,
Efficacy20,,,,,,,,,,,,,,,,,6.16011236,
Efficacy21,,,,,,,,,,,,,,,,,7.158640227,
Efficacy22,,,,,,,,,,,,,,,,,6.861581921,
Efficacy23,,,,,,,,,,,,,,,,,5.830508475,
Efficacy24,,,,,,,,,,,,,,,,,7.267045455,
Efficacy25,,,,,,,,,,,,,,,,,6.310734463,
Efficacy26,,,,,,,,,,,,,,,,,3.949152542,
Efficacy27,,,,,,,,,,,,,,,,,7.825714286,
Efficacy28,,,,,,,,,,,,,,,,,5.464387464,
Efficacy29,,,,,,,,,,,,,,,,,8.092957746,
Efficacy30,,,,,,,,,,,,,,,,,8.40960452,
Efficacy31,,,,,,,,,,,,,,,,,6.104225352,
Efficacy32,,,,,,,,,,,,,,,,,7.248587571,
HelpYou,,,,,,,,,,,,,,,,,,56.86376812
HelpChild,,,,,,,,,,,,,,,,,,63.89534884
HelpDog,,,,,,,,,,,,,,,,,,37.01764706
HelpPig,,,,,,,,,,,,,,,,,,32.50581395
NewPandemic1,,,,,,,,,,,,,,,,,,73.11370262
NewPandemic2,,,,,,,,,,,,,,,,,,4.223188406
Asteroid6,,,,,,,,,,,,,,,,,,72.90962099
Asteroid7,,,,,,,,,,,,,,,,,,4.130434783
HaveKid,,,,,,,,,,,,,,,,,,1.453488372
HadDog,,,,,,,,,,,,,,,,,,1.223837209
RiskHearings,,,,,,,,,,,,,,,,,,2.555232558
UncontrollableRisk1,,,,,,,,,,,,,,,,,,80.29737609
UncontrollableRisk2,,,,,,,,,,,,,,,,,,58.38823529
UncontrollableRisk3,,,,,,,,,,,,,,,,,,38.71554252
EffortSurvival,,,,,,,,,,,,,,,,,,48.08797654
ImportantSurvive,,,,,,,,,,,,,,,,,,9.252906977
DisplayOrder.Disease(Block1),,,,,,,,,,,,,,,,,,1.520231214
DisplayOrder.Risks(Block2),,,,,,,,,,,,,,,,,,1.479768786
DisplayOrder.Newpandemic(Block2),,,,,,,,,,,,,,,,,,1.450867052
DisplayOrder.Asteroid(Block2),,,,,,,,,,,,,,,,,,1.549132948
DisplayOrder.HelpChild(Block1),,,,,,,,,,,,,,,,,,1.557803468
DisplayOrder.HelpYou(Block1),,,,,,,,,,,,,,,,,,1.442196532
DisplayOrder.HelpDog(Block1),,,,,,,,,,,,,,,,,,3
DisplayOrder.HelpPig(Block1),,,,,,,,,,,,,,,,,,4
